path,kind,size_bytes,sha256,tracked
.github/workflows/ci.yml,artifact,998,cff29fe2498bd7de1cd8726c8b37875b94b06a710d5de130f1b24e3840e9f9e4,yes
.github/workflows/windows.yml,artifact,1748,e7a71b2d5945132d2f53030b9d9734bd735d51da70982eb2d7391b1034b92b56,yes
.gitignore,artifact,496,3f10e44ecf25da81602449ca9c9f96127c5209976dab63fba7169869f25107f2,yes
AGENTS.md,documentation,3068,b99cceef328e687d07c9f9b9fc2781a6127abadb9c8675e8a4319806dc35bf9a,yes
Check-AURA.bat,artifact,132,30f36e2b3e3416aafa4eb70a7fecba21927b95e49bb2795f73dd456e842bbb0d,yes
Check-AURA.ps1,artifact,180,4411a9416d2018bf6794a051215506cb365f1b703c903c56b246091537921684,yes
LICENSE,artifact,1076,eae6bd3f36de83311473472f6c57c313a3adf6bba6d49418613c7c91111227a1,yes
Makefile,artifact,769,e62a0e0ae31001de8179a304fd484c0d779a9deb2fe1de90b7c3641150eb90fc,yes
README.md,documentation,68468,374932c98c535f948500c36ab8d4bc2acbcd654b4afca935ab872c702acd460e,yes
Start-AURA.bat,artifact,132,804e3ec26719ed9eeb126340c60093e4a2b30325b07ecf932fda6b67319a0e74,yes
Start-AURA.ps1,artifact,5959,daa32cc3a5341c1b15648171c4f9f48cc5ca7c705c90dae3c0f74728fcf3842e,yes
artifacts/agent-workspace/2026-07-25-native-agent-mvp/architecture/repository-technical-architecture-package-project_aura-ag-20260725-213848-256779.zip,artifact,121339,4dead4a34f9363792c664314dd795969eff760eab928bae2b7891becfde1ab02,yes
artifacts/agent-workspace/2026-07-25-native-agent-mvp/architecture/repository-technical-architecture-package-project_aura-ag-20260725-213848-256779/README.md,documentation,612,5b69c85639a2e15dc5c98cce9941effec3943784f971007332ad6c2725aea8cf,yes
artifacts/agent-workspace/2026-07-25-native-agent-mvp/architecture/repository-technical-architecture-package-project_aura-ag-20260725-213848-256779/analysis-metadata.json,artifact,680,7c58c14eea88768144cc3e8816be965cc100838b8337fea388438ac9daefc908,yes
artifacts/agent-workspace/2026-07-25-native-agent-mvp/architecture/repository-technical-architecture-package-project_aura-ag-20260725-213848-256779/diagrams/01-c4-system-context.mmd,artifact,399,1744b9c20cf14448f6b3129236e605b66a9f8ebc88af89a5e658ef33cfecca7a,yes
artifacts/agent-workspace/2026-07-25-native-agent-mvp/architecture/repository-technical-architecture-package-project_aura-ag-20260725-213848-256779/diagrams/02-c4-container.mmd,artifact,381,a696d9d1f5b70f481d861cb2a5487294044340fccc7d3c20260a22bc9c57dc27,yes
artifacts/agent-workspace/2026-07-25-native-agent-mvp/architecture/repository-technical-architecture-package-project_aura-ag-20260725-213848-256779/diagrams/03-component-architecture.mmd,artifact,491,231497793bd825bd5f6d6dd3da64e7a6aa8a13717c2f03c089366921e96965ba,yes
artifacts/agent-workspace/2026-07-25-native-agent-mvp/architecture/repository-technical-architecture-package-project_aura-ag-20260725-213848-256779/diagrams/04-live-run-sequence.mmd,artifact,413,92d255bce705823086f401e22bfd5f3cd8c13ef6c7c534fde7e0327ec7a1cd6c,yes
artifacts/agent-workspace/2026-07-25-native-agent-mvp/architecture/repository-technical-architecture-package-project_aura-ag-20260725-213848-256779/diagrams/05-login-sequence.mmd,artifact,370,b3da26e2692580459c6aa33b3c03b5e866196918b3a0e220121aa7986044eaca,yes
artifacts/agent-workspace/2026-07-25-native-agent-mvp/architecture/repository-technical-architecture-package-project_aura-ag-20260725-213848-256779/diagrams/06-approval-sequence.mmd,artifact,397,68624fe9315e04f87433c5c216a24474356a1b8165c2b52f3c3110146db7920c,yes
artifacts/agent-workspace/2026-07-25-native-agent-mvp/architecture/repository-technical-architecture-package-project_aura-ag-20260725-213848-256779/diagrams/07-data-transfer-flow.mmd,artifact,395,d48976d35806f0cf7e5363c216ecbf25df6450ff78315aa4a81325b15243adf4,yes
artifacts/agent-workspace/2026-07-25-native-agent-mvp/architecture/repository-technical-architecture-package-project_aura-ag-20260725-213848-256779/diagrams/08-trust-boundaries.mmd,artifact,403,1cea43530e012419a99f7fa38988c4cbc98ecbd25a7e5c74c7151ca00124889d,yes
artifacts/agent-workspace/2026-07-25-native-agent-mvp/architecture/repository-technical-architecture-package-project_aura-ag-20260725-213848-256779/diagrams/09-run-state-machine.mmd,artifact,520,57a85a4ebea2efc24b4c769715a749f6bf8730e8c3df59a0d68767172502ac2b,yes
artifacts/agent-workspace/2026-07-25-native-agent-mvp/architecture/repository-technical-architecture-package-project_aura-ag-20260725-213848-256779/diagrams/10-evidence-freshness.mmd,artifact,332,bd2c0a0b53dc996eb244a63d28fbe3de4295f50e5b7ced5161ba57312a171af3,yes
artifacts/agent-workspace/2026-07-25-native-agent-mvp/architecture/repository-technical-architecture-package-project_aura-ag-20260725-213848-256779/diagrams/11-deployment-architecture.mmd,artifact,324,b96a1b466451120d6617e4a444d4b02a8a9fcb03bf0ca0368fb3dcb101dcb4dc,yes
artifacts/agent-workspace/2026-07-25-native-agent-mvp/architecture/repository-technical-architecture-package-project_aura-ag-20260725-213848-256779/diagrams/12-internal-dependency-graph.mmd,artifact,466,af765c958969e9ccb387c182ddcd390ca280e031ff88161ad74b705d135b1227,yes
artifacts/agent-workspace/2026-07-25-native-agent-mvp/architecture/repository-technical-architecture-package-project_aura-ag-20260725-213848-256779/inventories/agent-actions.csv,artifact,336,0b057f1525a81e101a177248cbfa6a19fe881851ab93b92c114395e121a1e11f,yes
artifacts/agent-workspace/2026-07-25-native-agent-mvp/architecture/repository-technical-architecture-package-project_aura-ag-20260725-213848-256779/inventories/api-interfaces.csv,artifact,94422,51cbe357a876cd9db7dd0bf17b1d3b3f53005d6981eded4dd49ec7579605b4d0,yes
artifacts/agent-workspace/2026-07-25-native-agent-mvp/architecture/repository-technical-architecture-package-project_aura-ag-20260725-213848-256779/inventories/components.csv,artifact,11769,69cf405e9ba1b1983ce16f2dab24599945aa91383e4f3aadc4c2def4f1284e5a,yes
artifacts/agent-workspace/2026-07-25-native-agent-mvp/architecture/repository-technical-architecture-package-project_aura-ag-20260725-213848-256779/inventories/controls.csv,artifact,754,fee6187c44f3073059145d194da9fc76b31e226cbc58bff6f618edede181610e,yes
artifacts/agent-workspace/2026-07-25-native-agent-mvp/architecture/repository-technical-architecture-package-project_aura-ag-20260725-213848-256779/inventories/databases-and-storage.csv,artifact,275,677834cf582305101a11e11f84f9f641c562667e5af6ddf32977bbaa9cff8be9,yes
artifacts/agent-workspace/2026-07-25-native-agent-mvp/architecture/repository-technical-architecture-package-project_aura-ag-20260725-213848-256779/inventories/entry-points.csv,artifact,155,33a430982ee76c3fc0c1dbe0ea2c7060636441095d60b317e7a7f7fc5dfd51c5,yes
artifacts/agent-workspace/2026-07-25-native-agent-mvp/architecture/repository-technical-architecture-package-project_aura-ag-20260725-213848-256779/inventories/environment-variables.csv,artifact,753,9893d552445f09637761dede81c6b0ae5d143c1d2dd6b81e69d920d87f6f2a6d,yes
artifacts/agent-workspace/2026-07-25-native-agent-mvp/architecture/repository-technical-architecture-package-project_aura-ag-20260725-213848-256779/inventories/events.csv,artifact,1361,b6e9007e8778a9c72a141af71c9a57bb41f98eace52fe56b26a03d26b3f6b588,yes
artifacts/agent-workspace/2026-07-25-native-agent-mvp/architecture/repository-technical-architecture-package-project_aura-ag-20260725-213848-256779/inventories/external-services.csv,artifact,196,c81ea34018d8878aea35d3e0f222b55f4e00a3d7f6a87090611b6e21d48f2e3f,yes
artifacts/agent-workspace/2026-07-25-native-agent-mvp/architecture/repository-technical-architecture-package-project_aura-ag-20260725-213848-256779/inventories/licenses.csv,artifact,6311,bc6899b065a3f8879b2bddf7ac6cb1c557b77080245956b0ac9553736a55ab50,yes
artifacts/agent-workspace/2026-07-25-native-agent-mvp/architecture/repository-technical-architecture-package-project_aura-ag-20260725-213848-256779/inventories/model-assets.csv,artifact,251,91f349e5c39f80a88c41e9f8059f98ae894b85293545c34d22a6be453107c99c,yes
artifacts/agent-workspace/2026-07-25-native-agent-mvp/architecture/repository-technical-architecture-package-project_aura-ag-20260725-213848-256779/inventories/native-dependencies.csv,artifact,514,c2093d4d2e908012e464a68e39078b5463a8fb51319e0d37ca2ffa32e9230bc6,yes
artifacts/agent-workspace/2026-07-25-native-agent-mvp/architecture/repository-technical-architecture-package-project_aura-ag-20260725-213848-256779/inventories/repository-files.csv,artifact,57504,6e13d4975343923627c20eb259dc8a193063aa963838e11508788251298138e7,yes
artifacts/agent-workspace/2026-07-25-native-agent-mvp/architecture/repository-technical-architecture-package-project_aura-ag-20260725-213848-256779/inventories/risks.csv,artifact,3764,15efd50f72a47b0b70c6fcccae96c22aebf32d0fbbde76a3eb8363ba9cbfc8a5,yes
artifacts/agent-workspace/2026-07-25-native-agent-mvp/architecture/repository-technical-architecture-package-project_aura-ag-20260725-213848-256779/inventories/signals-and-slots.csv,artifact,2736,494dbb7fc78f2b32e3bf9073cb39a6339d2d99c4dbf0d40eb645a1b4ae3b4d0a,yes
artifacts/agent-workspace/2026-07-25-native-agent-mvp/architecture/repository-technical-architecture-package-project_aura-ag-20260725-213848-256779/inventories/technology-stack.csv,artifact,455,dc63289bd9bc226ffae9c6f4aa23b3788c4f02dc2552407aa53250a839285b42,yes
artifacts/agent-workspace/2026-07-25-native-agent-mvp/architecture/repository-technical-architecture-package-project_aura-ag-20260725-213848-256779/inventories/tests.csv,artifact,49317,05fc667e58eac8b0fc66795f0b151313ca2bff52bd6754672f4b0446bb789b36,yes
artifacts/agent-workspace/2026-07-25-native-agent-mvp/architecture/repository-technical-architecture-package-project_aura-ag-20260725-213848-256779/inventories/third-party-dependencies.csv,artifact,11044,0836c385c512c7a236187847a7dfdc583c116eac2ba61d12a53271000dfc3657,yes
artifacts/agent-workspace/2026-07-25-native-agent-mvp/architecture/repository-technical-architecture-package-project_aura-ag-20260725-213848-256779/package-manifest.json,artifact,10701,04f5ff7a3163712997cea6c74e1b3cd8d2abb08072e8e2bad189feffbac810db,yes
artifacts/agent-workspace/2026-07-25-native-agent-mvp/architecture/repository-technical-architecture-package-project_aura-ag-20260725-213848-256779/reports/01-executive-summary.md,documentation,2536,9db4d5d570f416b5ab483f11aadad6cb353e868de032dd7bac0bfea50e276ab4,yes
artifacts/agent-workspace/2026-07-25-native-agent-mvp/architecture/repository-technical-architecture-package-project_aura-ag-20260725-213848-256779/reports/02-repository-map.md,documentation,2138,9ccd0e7ad30b73f551abd5bfad2e8316a68d6b468984fc7c4f5154937fb3c364,yes
artifacts/agent-workspace/2026-07-25-native-agent-mvp/architecture/repository-technical-architecture-package-project_aura-ag-20260725-213848-256779/reports/03-technology-stack.md,documentation,2086,22bd1388237383044e29ff6a3c6b05641603c6cfd9f649f672ae210896530070,yes
artifacts/agent-workspace/2026-07-25-native-agent-mvp/architecture/repository-technical-architecture-package-project_aura-ag-20260725-213848-256779/reports/04-c4-system-context.md,documentation,1598,fb3f5b03bf20427ae2d458da849887c55ad1fce31a7fb299200811da4f22abf8,yes
artifacts/agent-workspace/2026-07-25-native-agent-mvp/architecture/repository-technical-architecture-package-project_aura-ag-20260725-213848-256779/reports/05-c4-container.md,documentation,1622,3581c5141451130f2921a256802a4fbd25537325d24f26388db2c784fcca0ea8,yes
artifacts/agent-workspace/2026-07-25-native-agent-mvp/architecture/repository-technical-architecture-package-project_aura-ag-20260725-213848-256779/reports/06-component-architecture.md,documentation,1990,6623a8f81dc32832ba03435c7f01e0bc0c48309d606ae71606d09ebbe271c9e2,yes
artifacts/agent-workspace/2026-07-25-native-agent-mvp/architecture/repository-technical-architecture-package-project_aura-ag-20260725-213848-256779/reports/07-runtime-data-flow.md,documentation,2028,3c6edb494f278ccaa5428bf7a9261976033736c80d04d605a7c1a8e1e6c45cb2,yes
artifacts/agent-workspace/2026-07-25-native-agent-mvp/architecture/repository-technical-architecture-package-project_aura-ag-20260725-213848-256779/reports/08-api-interface-inventory.md,documentation,1864,a0147ede8ca667484723b5f3c44f1551547e6ba63fdbbc035990e0e60880c232,yes
artifacts/agent-workspace/2026-07-25-native-agent-mvp/architecture/repository-technical-architecture-package-project_aura-ag-20260725-213848-256779/reports/09-dependency-graph.md,documentation,2027,5406f84d86e80275ec240b8bbe88c5992640b317d8f0f6fdfc041fe62fc9a1a8,yes
artifacts/agent-workspace/2026-07-25-native-agent-mvp/architecture/repository-technical-architecture-package-project_aura-ag-20260725-213848-256779/reports/10-sbom.md,documentation,1853,70982fd9efe79540b799a1c244656c8a6c2424e674211af60ed482c1d7869552,yes
artifacts/agent-workspace/2026-07-25-native-agent-mvp/architecture/repository-technical-architecture-package-project_aura-ag-20260725-213848-256779/reports/11-build-deployment.md,documentation,1909,c73e66519db3d90e78f4cbe733a7c3860b821ca4e0f89afad1af5cf036302117,yes
artifacts/agent-workspace/2026-07-25-native-agent-mvp/architecture/repository-technical-architecture-package-project_aura-ag-20260725-213848-256779/reports/12-configuration.md,documentation,1864,36433d26681661c2b3667ae52ddb733d8bbbfc857ebb61996e27b20e259dc889,yes
artifacts/agent-workspace/2026-07-25-native-agent-mvp/architecture/repository-technical-architecture-package-project_aura-ag-20260725-213848-256779/reports/13-security-boundaries.md,documentation,1927,4ac1fb3a34aeaff079fb601da8951aaae9d26cd1ab2b07ab5cb59148bef8e9d8,yes
artifacts/agent-workspace/2026-07-25-native-agent-mvp/architecture/repository-technical-architecture-package-project_aura-ag-20260725-213848-256779/reports/14-architecture-decisions.md,documentation,1697,45baa3caee9aab9279748136b5084e2aeb9843f0c1677d2502df95150b9165c7,yes
artifacts/agent-workspace/2026-07-25-native-agent-mvp/architecture/repository-technical-architecture-package-project_aura-ag-20260725-213848-256779/reports/15-risks-technical-debt.md,documentation,1701,78fd0645286be8059827389b4114c03505c537f9198a3813523381ebbfe973ef,yes
artifacts/agent-workspace/2026-07-25-native-agent-mvp/architecture/repository-technical-architecture-package-project_aura-ag-20260725-213848-256779/reports/16-local-development.md,documentation,2413,4c697900e3f4fba99bf5af63a06a10d775acd1782dd5fe7c40e4fb2c8563311d,yes
artifacts/agent-workspace/2026-07-25-native-agent-mvp/architecture/repository-technical-architecture-package-project_aura-ag-20260725-213848-256779/reports/17-testing-quality.md,documentation,1736,b58bb5198147cb63b0a99457e6155fe085303275e3eccc0a14e5b1eda8af0517,yes
artifacts/agent-workspace/2026-07-25-native-agent-mvp/architecture/repository-technical-architecture-package-project_aura-ag-20260725-213848-256779/reports/18-observability-operations.md,documentation,1803,9f1b62ba91b5d8c9d467691e9db5c18c1f981ee7c659077ebf2b4a1872f20a9e,yes
artifacts/agent-workspace/2026-07-25-native-agent-mvp/architecture/repository-technical-architecture-package-project_aura-ag-20260725-213848-256779/reports/19-data-retention.md,documentation,1903,6ef67c9729ce701fed9ca8e7f20910f164c6e67c4dcf0fcfa9b3ee548eb1aefc,yes
artifacts/agent-workspace/2026-07-25-native-agent-mvp/architecture/repository-technical-architecture-package-project_aura-ag-20260725-213848-256779/reports/20-open-questions.md,documentation,1896,0b28265adcbde3a9eede2636747cbae9a9cdf3bb44202e832857f853cae3bb74,yes
artifacts/agent-workspace/2026-07-25-native-agent-mvp/architecture/repository-technical-architecture-package-project_aura-ag-20260725-213848-256779/sbom/cyclonedx.json,artifact,62469,8657aa98f821c84d9f6026aad360ed8da69f215dca8c33fda12934dd8055585c,yes
artifacts/agent-workspace/2026-07-25-native-agent-mvp/architecture/repository-technical-architecture-package-project_aura-ag-20260725-213848-256779/sbom/generation-notes.json,artifact,242,25f0668b557ec64ef82999e9c8617709bf99aa6e26cf9db9c229184576f502e3,yes
artifacts/agent-workspace/2026-07-25-native-agent-mvp/architecture/repository-technical-architecture-package-project_aura-ag-20260725-213848-256779/sbom/sbom-report.md,documentation,948,3cbdead1599e97b435c0b06f59cc54f006169ac1a859a1d48b8660d930d9dd76,yes
artifacts/agent-workspace/2026-07-25-native-agent-mvp/architecture/repository-technical-architecture-package-project_aura-ag-20260725-213848-256779/sbom/spdx.json,artifact,47002,fd0313453c90bc5799cb5dffb9a5b83f65881f47f7a082454db6ef60ac3f9f5b,yes
artifacts/agent-workspace/2026-07-25-native-agent-mvp/architecture/repository-technical-architecture-package-project_aura-ag-20260725-213848-256779/validation/archive-validation.json,artifact,131,ee084f0f258aa3976f2b7a9fb6e54a1963a6209f53b0ad05d2c634b0d4a5c307,yes
artifacts/agent-workspace/2026-07-25-native-agent-mvp/architecture/repository-technical-architecture-package-project_aura-ag-20260725-213848-256779/validation/checksums.sha256,artifact,5809,9de50baf17958ac1ba378d4d961a5ba911eb1cd10eebd75a8123a091417b1b13,yes
artifacts/agent-workspace/2026-07-25-native-agent-mvp/architecture/repository-technical-architecture-package-project_aura-ag-20260725-213848-256779/validation/command-results.json,artifact,4365,9495428d0c5deced86e901dabfc95ffbfb3e3c5ef880fc7f85c507e53474bf15,yes
artifacts/agent-workspace/2026-07-25-native-agent-mvp/architecture/repository-technical-architecture-package-project_aura-ag-20260725-213848-256779/validation/missing-evidence.json,artifact,592,a81cc4337971a23bdde3e6919685f4334dac2e170fc73a0c281587f67efe1538,yes
artifacts/agent-workspace/2026-07-25-native-agent-mvp/architecture/repository-technical-architecture-package-project_aura-ag-20260725-213848-256779/validation/validation-report.md,documentation,383,5d88b868ceed02204148c11dc4680b3a26208169f1c35415b79efe253aed50b4,yes
artifacts/agent-workspace/2026-07-25-native-agent-mvp/runs/demo-assurance-approval-001/approvals.jsonl,artifact,398,050fc2807404e691801c16814c9f9c33c16587da643bc0a44f0fc4f81fd61e39,yes
artifacts/agent-workspace/2026-07-25-native-agent-mvp/runs/demo-assurance-approval-001/commands.jsonl,artifact,705,1a6a3dc121e0f703ff8be2fd0a20469e9b524397cf030c72623070f7708bbe62,yes
artifacts/agent-workspace/2026-07-25-native-agent-mvp/runs/demo-assurance-approval-001/context.json,artifact,146,305c2662ce559a37cb481e07e31815b956e9277a43898bc79e95f85f553e92ba,yes
artifacts/agent-workspace/2026-07-25-native-agent-mvp/runs/demo-assurance-approval-001/diff.patch,artifact,382,8ae576545321964efa4909abddbdd26cdd79aa126e8dd4a54fe33b7443fa9e20,yes
artifacts/agent-workspace/2026-07-25-native-agent-mvp/runs/demo-assurance-approval-001/events.jsonl,artifact,18841,2c3e339f64837b910008600a38048e2afb5d98f2d0c1c7559c9b537fe7f02856,yes
artifacts/agent-workspace/2026-07-25-native-agent-mvp/runs/demo-assurance-approval-001/evidence.json,artifact,745,4a66c4807e0a27007309ae42071708c8d670125e7d6c7d7beae07ddd26726651,yes
artifacts/agent-workspace/2026-07-25-native-agent-mvp/runs/demo-assurance-approval-001/export/demo-evidence-packet.zip,artifact,7741,a95c147e91aa3705d9314607042037979908110c53e5986f5f11c0a7c68e685d,yes
artifacts/agent-workspace/2026-07-25-native-agent-mvp/runs/demo-assurance-approval-001/file-changes.json,artifact,596,1e95d39b47ca7af12885e6566968274af8b90c1b27d9e5a4c5ff08477675ccb6,yes
artifacts/agent-workspace/2026-07-25-native-agent-mvp/runs/demo-assurance-approval-001/provider.json,artifact,451,abf03c8662f128e139df07c607921fd62db14a3afd3b0401b1072fd94ee687cd,yes
artifacts/agent-workspace/2026-07-25-native-agent-mvp/runs/demo-assurance-approval-001/report-manifest.json,artifact,2672,935f18c67d6b63a250139f7196f1e393b6fdfd66bad6098d10b49e905d9052db,yes
artifacts/agent-workspace/2026-07-25-native-agent-mvp/runs/demo-assurance-approval-001/run.json,artifact,2027,0e73a3053327bd132e5cfa3c385ea7cd5b4f218d8b306e5f74803950f698361c,yes
artifacts/agent-workspace/2026-07-25-native-agent-mvp/runs/demo-assurance-approval-001/tests.json,artifact,203,f4bfca6d3ecc476c48e415d180f8e17fa1bf08dff666aa8edfd5013c677ffd3f,yes
artifacts/agent-workspace/2026-07-25-native-agent-mvp/runs/live-read-only-minimum-001/approvals.jsonl,artifact,0,e3b0c44298fc1c149afbf4c8996fb92427ae41e4649b934ca495991b7852b855,yes
artifacts/agent-workspace/2026-07-25-native-agent-mvp/runs/live-read-only-minimum-001/commands.jsonl,artifact,0,e3b0c44298fc1c149afbf4c8996fb92427ae41e4649b934ca495991b7852b855,yes
artifacts/agent-workspace/2026-07-25-native-agent-mvp/runs/live-read-only-minimum-001/context.json,artifact,174,9831190d9f88c6541801572017b426632737beb574e84015334156e855f73f1d,yes
artifacts/agent-workspace/2026-07-25-native-agent-mvp/runs/live-read-only-minimum-001/events.jsonl,artifact,11428,fb654f3f5c4153027a5e091124b615bd939d4f678f42150df54f77ab12eb6e55,yes
artifacts/agent-workspace/2026-07-25-native-agent-mvp/runs/live-read-only-minimum-001/evidence.json,artifact,3,ca3d163bab055381827226140568f3bef7eaac187cebd76878e0b63e9e442356,yes
artifacts/agent-workspace/2026-07-25-native-agent-mvp/runs/live-read-only-minimum-001/file-changes.json,artifact,18,6ac91cab38eae269a4e6457275b3b956f615a7df03de4b1ce88f44b8110efc30,yes
artifacts/agent-workspace/2026-07-25-native-agent-mvp/runs/live-read-only-minimum-001/provider.json,artifact,750,8a75128f0eb8f51d8b6f7f7f7c8ff7194b3a215895a9470ebcc2815132ee6864,yes
artifacts/agent-workspace/2026-07-25-native-agent-mvp/runs/live-read-only-minimum-001/report-manifest.json,artifact,45,55de4490d0add0beacb51ce8a7e8f4a0e0684e057dc87beda66260e791ece2bf,yes
artifacts/agent-workspace/2026-07-25-native-agent-mvp/runs/live-read-only-minimum-001/run.json,artifact,2052,0b02ecb0d6c639ec51837c2c3af6c0b15f4cbbe4b5e32f529ce6066c9e891bff,yes
artifacts/agent-workspace/2026-07-25-native-agent-mvp/runs/live-read-only-minimum-001/tests.json,artifact,44,b5504a1a5ec241329cb98d77e8709b68917e588a8d79c63e51dfb147d71543b5,yes
artifacts/agent-workspace/2026-07-26-codex-desktop-inspired-uiux/README.md,documentation,4416,a337dbd46148d69757841c797559b4fe81b6d2971b2a13cf78780d4b06c11216,yes
artifacts/agent-workspace/2026-07-26-codex-desktop-inspired-uiux/after/all-states-1440x900-contact-sheet.png,artifact,1749433,30b2b4c3cda02addf7dea7fe168239e6c148621cde84c09d732d7c6534869a1f,yes
artifacts/agent-workspace/2026-07-26-codex-desktop-inspired-uiux/after/completed-diff-1024x768.png,artifact,134748,569323fae6f84463cc55d7ae4f3c203ca82d6e33fddc7d5fd15ada0358a1b427,yes
artifacts/agent-workspace/2026-07-26-codex-desktop-inspired-uiux/after/completed-diff-1280x820.png,artifact,155474,04de358dff8a3ba592216b0264858088c614efcb8ad68c97d6a240434e573a1d,yes
artifacts/agent-workspace/2026-07-26-codex-desktop-inspired-uiux/after/completed-diff-1440x900.png,artifact,163875,d98fd474aec67ef2e172ca3807294198ab8cdec7c441ce572bf2ec865a2ab877,yes
artifacts/agent-workspace/2026-07-26-codex-desktop-inspired-uiux/after/completed-diff-1920x1080.png,artifact,201494,11ad951f44a723e59d77d6b759b26d73b9bebc1f598ba4d2a49d2d7d72e31f77,yes
artifacts/agent-workspace/2026-07-26-codex-desktop-inspired-uiux/after/evidence-attached-1024x768.png,artifact,69723,fd0875f88a9b0c18d3f8c7d36f48be2cbddb17831fa820df6a5ccd37c24ab615,yes
artifacts/agent-workspace/2026-07-26-codex-desktop-inspired-uiux/after/evidence-attached-1280x820.png,artifact,74180,768c2c4d5b3e67e35672a0e90ad235fe2a76545cfcefbc1464edc7064130c927,yes
artifacts/agent-workspace/2026-07-26-codex-desktop-inspired-uiux/after/evidence-attached-1440x900.png,artifact,75717,f39b370020276d8321a0fc05ae5897aef22950fc4a302a3c084b44b37c283c2b,yes
artifacts/agent-workspace/2026-07-26-codex-desktop-inspired-uiux/after/evidence-attached-1920x1080.png,artifact,79333,2fbf4dc54f81970acdb4d4faa78eec1de3ce7f022abcadd30afb6d7ce8075a1a,yes
artifacts/agent-workspace/2026-07-26-codex-desktop-inspired-uiux/after/new-task-1024x768.png,artifact,52916,7e4b01f67b1db155601a18fc7dca90151430b31ae0e0c819832cfb5a9dbf5608,yes
artifacts/agent-workspace/2026-07-26-codex-desktop-inspired-uiux/after/new-task-1280x820.png,artifact,54481,5f84850540a78e4ba15470fbb472b4ea491a75356b9779c0bf7e09e446f2bb7e,yes
artifacts/agent-workspace/2026-07-26-codex-desktop-inspired-uiux/after/new-task-1440x900.png,artifact,55908,2cea3b4de855f98777d8c8790a5284ed23ba82dcc184aa7f836e63372cde1f37,yes
artifacts/agent-workspace/2026-07-26-codex-desktop-inspired-uiux/after/new-task-1920x1080.png,artifact,58714,8a7085f4da7a5dfdc93d382d5ebe7ea4746cf8350f07befce661396bfcfe7493,yes
artifacts/agent-workspace/2026-07-26-codex-desktop-inspired-uiux/after/new-task-responsive-contact-sheet.png,artifact,630771,0a32d442359f1b1ad8ca2e26e2e8dab5d9d81908f26a5c343814db83358e2510,yes
artifacts/agent-workspace/2026-07-26-codex-desktop-inspired-uiux/after/no-repository-1024x768.png,artifact,60930,c4e5c5d811b1aacceb16d7fe4cc68c38bf29699832996c51188c42458a0631df,yes
artifacts/agent-workspace/2026-07-26-codex-desktop-inspired-uiux/after/no-repository-1280x820.png,artifact,62324,136fee71584df7ca5ea91b5c56e126fb31af6342245a74ae743918830fd1cf7f,yes
artifacts/agent-workspace/2026-07-26-codex-desktop-inspired-uiux/after/no-repository-1440x900.png,artifact,64057,4f4512e7be62b1b88ba515ff9b3560255a1f1060074be3cbf1736d875f8a7675,yes
artifacts/agent-workspace/2026-07-26-codex-desktop-inspired-uiux/after/no-repository-1920x1080.png,artifact,67443,9c303e615f6ac64795f3a816091964253638b77b2f65d944c26567dfd66c61a8,yes
artifacts/agent-workspace/2026-07-26-codex-desktop-inspired-uiux/after/recording-1024x768.png,artifact,57762,2251d76377bd37051ff4cc07bc2764178ffc7c13896b5402d9a52beb2c40a8b1,yes
artifacts/agent-workspace/2026-07-26-codex-desktop-inspired-uiux/after/recording-1280x820.png,artifact,59143,156cb82b57aff93908756ed307c4f52d7983d7769c24cc2d188164feaf83d5a1,yes
artifacts/agent-workspace/2026-07-26-codex-desktop-inspired-uiux/after/recording-1440x900.png,artifact,60697,28bb06b1bcd37211116efd63579cb27a85c9a63d5b7f39192f162791c81697b0,yes
artifacts/agent-workspace/2026-07-26-codex-desktop-inspired-uiux/after/recording-1920x1080.png,artifact,64045,60cf57eca680d1b9cf278eaff2d169aca92ca8f817ff037ee11f3339a8ab07e0,yes
artifacts/agent-workspace/2026-07-26-codex-desktop-inspired-uiux/after/recovery-1024x768.png,artifact,66329,b8d59f5789e0c3e31b66f96fea75d859625fd310843fbc1911c2e6dcf8edc05c,yes
artifacts/agent-workspace/2026-07-26-codex-desktop-inspired-uiux/after/recovery-1280x820.png,artifact,67408,467673d9e8992bda89afffc0d513a61ef7c9dde243a4971347dba33846fc29f6,yes
artifacts/agent-workspace/2026-07-26-codex-desktop-inspired-uiux/after/recovery-1440x900.png,artifact,69224,839a0579049040650fd1e3c8206986cd65d854a6e2fda26fa5f186758b3e1262,yes
artifacts/agent-workspace/2026-07-26-codex-desktop-inspired-uiux/after/recovery-1920x1080.png,artifact,72627,b3de056bce97e573bc95273c6c1ba263670562eb345fc99820179acb09f706b0,yes
artifacts/agent-workspace/2026-07-26-codex-desktop-inspired-uiux/after/running-1024x768.png,artifact,119942,44a9768401b64e2e4b833b860fd091515baad1f634284648101fcc7ae214064d,yes
artifacts/agent-workspace/2026-07-26-codex-desktop-inspired-uiux/after/running-1280x820.png,artifact,138906,c8c43d195f914ee6e0a75c6bf0c4757e80b8c0521bfe82381888147e06fd6fb3,yes
artifacts/agent-workspace/2026-07-26-codex-desktop-inspired-uiux/after/running-1440x900.png,artifact,145303,5208e73d0e978cefe85cee883ef8384a0a6c77bbeca12503135a20c39663cbcf,yes
artifacts/agent-workspace/2026-07-26-codex-desktop-inspired-uiux/after/running-1920x1080.png,artifact,176822,642a3c3796ac794e065c4da905a0dd002acd6b05957d13239a8fb17f22945f9d,yes
artifacts/agent-workspace/2026-07-26-codex-desktop-inspired-uiux/after/settings-1024x768.png,artifact,31179,3751c3fc08bb30dd04cc01d8d255e09036e8b591ad3ebd580660c338149275ca,yes
artifacts/agent-workspace/2026-07-26-codex-desktop-inspired-uiux/after/settings-1280x820.png,artifact,32111,8970a534c9daf5a384be020e1a2dddd88d1f76acdb6a6cc7aa01a0167a3eaf9d,yes
artifacts/agent-workspace/2026-07-26-codex-desktop-inspired-uiux/after/settings-1440x900.png,artifact,33214,9bb1a8e714bd8265599579cc75bd2a55502cbad6bed7b6c85db0297bc64a3c4c,yes
artifacts/agent-workspace/2026-07-26-codex-desktop-inspired-uiux/after/settings-1920x1080.png,artifact,36006,8864c88747515b45aef89b718dd2adccebfe4e1a94d0b3282dd1459dbd8549b0,yes
artifacts/agent-workspace/2026-07-26-codex-desktop-inspired-uiux/after/waiting-approval-1024x768.png,artifact,123681,c1d9568a5a7f81788d84cc9d80f00a3a78ece78831374b8d2a042471bb72db86,yes
artifacts/agent-workspace/2026-07-26-codex-desktop-inspired-uiux/after/waiting-approval-1280x820.png,artifact,149391,b46d7b8beeb814e04df452a984cfadd150162fa2ad30cee5c31315752d74f60d,yes
artifacts/agent-workspace/2026-07-26-codex-desktop-inspired-uiux/after/waiting-approval-1440x900.png,artifact,159631,48d57526cf5bb172d3a9d3ca7a8b2db64837658c153efe7b8a32afa544caa3a6,yes
artifacts/agent-workspace/2026-07-26-codex-desktop-inspired-uiux/after/waiting-approval-1920x1080.png,artifact,181676,fda0a5272e6be1f9472614cf0a4ba7b31bad64c4f4a86ff34fc4d2d27e520f51,yes
artifacts/agent-workspace/2026-07-26-codex-desktop-inspired-uiux/baseline-vs-redesign-1440x900.png,artifact,337185,c6dcfe11350f39c5d00b7693dfdaf7afa222a41be6ebf53d79cea5863c4862d8,yes
artifacts/agent-workspace/2026-07-26-codex-desktop-inspired-uiux/baseline/README.md,documentation,2127,bcc635386a1a077de89adc8f1b795988d32ec8a72806bf5b0f1f077684738edd,yes
artifacts/agent-workspace/2026-07-26-codex-desktop-inspired-uiux/baseline/agent-empty-1024x768.png,artifact,93345,b03eb4c23028f6797141eb5cd3e88bcf2357d0c2aa675694b8db5fc750e1e603,yes
artifacts/agent-workspace/2026-07-26-codex-desktop-inspired-uiux/baseline/agent-empty-1280x820.png,artifact,94886,9051fb97a7b7aca2514b01ceddaa63706a46ceb4b299e3f85fa6e2770cb71793,yes
artifacts/agent-workspace/2026-07-26-codex-desktop-inspired-uiux/baseline/agent-empty-1440x900.png,artifact,96703,9bbe91559e94a7039e78779433d4c7f09ca631029fa59ab77aa00014614c0c58,yes
artifacts/agent-workspace/2026-07-26-codex-desktop-inspired-uiux/baseline/agent-empty-1920x1080.png,artifact,100955,0bf7ae0d94f595ae80348f66f82313fecc9578b8a7a5090a1dc3a1da4df965dc,yes
artifacts/agent-workspace/2026-07-26-codex-desktop-inspired-uiux/checksums.sha256,artifact,4423,68bd4f75d48ca67dde9dc0bf9978da56394fcb613ab1be3df50cc80a0b5a11d4,yes
artifacts/agent-workspace/2026-07-26-codex-desktop-inspired-uiux/missing-evidence.md,documentation,1430,5a410e3a720623669b19646b63f77501df030a40be6b212bfee4e68b10169555,yes
artifacts/agent-workspace/2026-07-26-codex-desktop-inspired-uiux/phase-1-architecture-extraction.md,documentation,1149,09455b139fb352a6fe49e7675bcb7d1f9974925ffd27f745cbddd8aa66940813,yes
artifacts/agent-workspace/2026-07-26-codex-desktop-inspired-uiux/phase-2-model-view-core.md,documentation,1456,a3d6356fa08c2f2cc6cdafa0cb206113a1fa00166f449683988207e627f5eca1,yes
artifacts/agent-workspace/2026-07-26-codex-desktop-inspired-uiux/phase-3-native-shell-and-presentation.md,documentation,2665,39b1d78e681dfd3b20ef7accc53bb8080b53b72dbfda29e6b2ca80be986ea8e0,yes
artifacts/agent-workspace/2026-07-26-codex-desktop-inspired-uiux/phase-4-performance-and-soak.md,documentation,2086,ba9e9860bebeaeff43cce3536ba3798325ac272f5d1939e861132b53179147d0,yes
artifacts/agent-workspace/2026-07-26-codex-desktop-inspired-uiux/phase-5-context-trust-publication.md,documentation,1266,57ff5efa4d939d021e8912399aff24eeee5e1c3850292373c034cd4bc0209519,yes
artifacts/agent-workspace/2026-07-26-codex-desktop-inspired-uiux/phase-6-final-validation.md,documentation,1132,07e2f412ce9303105845ebb518a63161881357726d87743c333a4854b9bb34cf,yes
artifacts/agent-workspace/2026-07-26-codex-desktop-inspired-uiux/reference-vs-phase-2-1920x1080.png,artifact,277578,537f297c84508196d44c737db1227691dba38cf1cb817400f6e53e578ab71502,yes
artifacts/agent-workspace/2026-07-26-codex-desktop-inspired-uiux/soak/audit-evidence/audit-2026-07-26.jsonl,artifact,817201,87dd6cd6473195d6fa2c152ac74d082e68650fa0b8c956458722c97de652258c,yes
artifacts/agent-workspace/2026-07-26-codex-desktop-inspired-uiux/soak/soak-report.json,artifact,8211,b23dcc9aa2deb437114da057dee2e063679063ea8cc5dc4625ce221ef4f6b337,yes
artifacts/agent-workspace/2026-07-26-codex-desktop-inspired-uiux/validation-report.md,documentation,2580,e1712ea1588a8732d39c2bd193ea0307f3261a0d76b35d32a3c9b31318c17152,yes
artifacts/agent-workspace/2026-07-26-conversation-continuity/README.md,documentation,2559,bb437ce83abd006ac3fae0c96677ae9f8659e960c5888ac43f2a55fd333a9957,yes
artifacts/agent-workspace/2026-07-26-conversation-continuity/audit/audit-2026-07-26.jsonl,artifact,93792,c12b16a76bebaf97881683cf201bdf93513cd61d59708bb927ed1c59e0790353,yes
artifacts/agent-workspace/2026-07-26-conversation-continuity/before/observed-detached-aura-window.png,artifact,3984,472301b2e911bfd37ddd641f293a6d5a2cb38e0e5a3d90b9cabe9d378e0d36f5,yes
artifacts/agent-workspace/2026-07-26-conversation-continuity/checksums.sha256,artifact,1923,462475f9945387c4afc6d21fba8b98529b6e638536ae510bbf45bdc191905968,yes
artifacts/agent-workspace/2026-07-26-conversation-continuity/live-two-turn/error-log.jsonl,artifact,0,e3b0c44298fc1c149afbf4c8996fb92427ae41e4649b934ca495991b7852b855,yes
artifacts/agent-workspace/2026-07-26-conversation-continuity/live-two-turn/event-trace.jsonl,artifact,10962,1eb39a9c61eb982b516bc99e728e0611fc593c7a0e31df8d35f3c066c8895981,yes
artifacts/agent-workspace/2026-07-26-conversation-continuity/live-two-turn/failure-analysis.md,documentation,224,2a1904e0d3ec7e6830c95a830d16a24cdb84d6040ff42daca5f64ae9328a2cc3,yes
artifacts/agent-workspace/2026-07-26-conversation-continuity/live-two-turn/latency-report.md,documentation,161,d07cb17708b4dc590a570a934da4b39b555acf4ffcfd9456fe84aaf3e271d3c9,yes
artifacts/agent-workspace/2026-07-26-conversation-continuity/live-two-turn/live-run-summary.json,artifact,1188,bda593de10f5d88886b8dd748f942a435e7581e24eb852faaf3ca8e39d2beed4,yes
artifacts/agent-workspace/2026-07-26-conversation-continuity/live-two-turn/request-summary.jsonl,artifact,518,5e2547812cadf6fea71fabc26bfcbf6201fa0b3184105b375ab84946018804df,yes
artifacts/agent-workspace/2026-07-26-conversation-continuity/live-two-turn/runtime-validity-report.md,documentation,402,18740c8846a5d285aaf17ff59d4421329d2ff8562e547dd3f6c87d51b52f12d6,yes
artifacts/agent-workspace/2026-07-26-conversation-continuity/screenshots/01-inline-codex-status.png,artifact,139367,0a8817069abb2a820ba37c1a423b1e41c9de5567bbb58d7ff367d7ab5382b600,yes
artifacts/agent-workspace/2026-07-26-conversation-continuity/screenshots/02-two-turn-continuity.png,artifact,205411,80b4ca0b35b275928dfe538ab6448f6356e591938fc4e8e02eeee64234a522d0,yes
artifacts/agent-workspace/2026-07-26-live-first-readiness/README.md,documentation,2456,00c6c719d0dc8329b5e9720001fe4c29e2eea136ee7accce6611a4662d40245b,yes
artifacts/agent-workspace/2026-07-26-live-first-readiness/live-read-only-minimum/error-log.jsonl,artifact,0,e3b0c44298fc1c149afbf4c8996fb92427ae41e4649b934ca495991b7852b855,yes
artifacts/agent-workspace/2026-07-26-live-first-readiness/live-read-only-minimum/event-trace.jsonl,artifact,7150,8c927f1d4cccb4d768aa3156242e591d4b1bd6248fc6cf66a298a42d011f6f1d,yes
artifacts/agent-workspace/2026-07-26-live-first-readiness/live-read-only-minimum/failure-analysis.md,documentation,196,393d12416c15839e308b605bcbc954a9d0485ea1fafbdee6a701ee55c450827d,yes
artifacts/agent-workspace/2026-07-26-live-first-readiness/live-read-only-minimum/latency-report.md,documentation,104,0f8992d358fb303f64b08766fc9c41836456a1883bc9c722e4f6118c95cd6943,yes
artifacts/agent-workspace/2026-07-26-live-first-readiness/live-read-only-minimum/live-run-summary.json,artifact,974,6b449fc7fbaf2f75769f4be6c2f31973778b701e63213a134204d2cb1754d48d,yes
artifacts/agent-workspace/2026-07-26-live-first-readiness/live-read-only-minimum/request-summary.jsonl,artifact,222,91d7498a84b313360a4079953ef20fbc77600638ebc165ce25168e28e98afe39,yes
artifacts/agent-workspace/2026-07-26-live-first-readiness/live-read-only-minimum/runtime-validity-report.md,documentation,395,c40579d4c1ac077685383945e745f2c8513afc3b176fc282468e23f7b3dbbbeb,yes
artifacts/agent-workspace/2026-07-26-live-timeline-markdown/README.md,documentation,3286,276313132c22b9780cd6b72b56415683fff4f3130f0d5b4939b4e8ca720b543e,yes
artifacts/agent-workspace/2026-07-26-live-timeline-markdown/after/01-live-running-long-assistant-1440x900.json,artifact,1274,95925a658cddb7a9d320eefa8abea1597dd8aa478e87a4ac4d1bef704f2f83ca,yes
artifacts/agent-workspace/2026-07-26-live-timeline-markdown/after/01-live-running-long-assistant-1440x900.png,artifact,99264,578c3f73f751b3aaa622d8e271243ad4f881126a7f3068c1d592033cf6aa62f6,yes
artifacts/agent-workspace/2026-07-26-live-timeline-markdown/after/02-live-running-long-assistant-1024x768.json,artifact,1274,bea49021326ae8b47170be0fe601ce2364eea39fa586ece4955dcc5efa5aa571,yes
artifacts/agent-workspace/2026-07-26-live-timeline-markdown/after/02-live-running-long-assistant-1024x768.png,artifact,95739,c061ae76424579c0f3ccdb7ff513bafc1a75aef0f5947137b4f18a5fc99ca073,yes
artifacts/agent-workspace/2026-07-26-live-timeline-markdown/after/03-wrapped-user-markdown.json,artifact,728,0c7ee9c4218d6234ae71c84856c65264b06508b72723ea3c31549d5128d22230,yes
artifacts/agent-workspace/2026-07-26-live-timeline-markdown/after/03-wrapped-user-markdown.png,artifact,103300,d40b5fec88a71007a961388d22bf144e90c14433e6ef7ecc4969570d289ff731,yes
artifacts/agent-workspace/2026-07-26-live-timeline-markdown/after/04-heading-list-inline-code.json,artifact,1249,7c3b8bbad173862a127d8721a741d87e301ddcc61ceff48815c612e10e87c77e,yes
artifacts/agent-workspace/2026-07-26-live-timeline-markdown/after/04-heading-list-inline-code.png,artifact,63374,dd908b27ba9cece18cfb641179630bf9cb72a5c4c9906c15373f5fccaae1a3f7,yes
artifacts/agent-workspace/2026-07-26-live-timeline-markdown/after/05-fenced-code-block.json,artifact,1236,f593794e685104839d519c1c933278c8f77b313a3c371530cb2fbe6320866f16,yes
artifacts/agent-workspace/2026-07-26-live-timeline-markdown/after/05-fenced-code-block.png,artifact,66307,af8b1a3a5b65b7fd8e8de71718e4e8760c729be70e490e3176d043915e7e58f9,yes
artifacts/agent-workspace/2026-07-26-live-timeline-markdown/after/06-blockquote.json,artifact,1222,d442db8bd87c3dcf99e52b9fbb0882b328a6f153a01d7958f17d3bc1723c9fff,yes
artifacts/agent-workspace/2026-07-26-live-timeline-markdown/after/06-blockquote.png,artifact,70195,b10a84427a5b22eaed96695768d96e4325afc20d34e08b920f3cfea784f0a955,yes
artifacts/agent-workspace/2026-07-26-live-timeline-markdown/after/07-simple-table.json,artifact,1225,38a45d9a380907a2ee0458c7fdc3099b4f2c2de92c79af4ad174853e95873708,yes
artifacts/agent-workspace/2026-07-26-live-timeline-markdown/after/07-simple-table.png,artifact,64281,4839b4e3cf7e98e9ecd1d990585089e2e221e9b9be3265caad75b663195886d7,yes
artifacts/agent-workspace/2026-07-26-live-timeline-markdown/after/08-wide-table-fallback.json,artifact,1240,fbd26a2b76f6da8021df7f9a446501107a6ce8c485f4ffb9750dd97e08670c40,yes
artifacts/agent-workspace/2026-07-26-live-timeline-markdown/after/08-wide-table-fallback.png,artifact,60956,51b171de38d58a4d2b7d9760a345bca5c6f65f4eb36b8d164cb8fa089f9c8d74,yes
artifacts/agent-workspace/2026-07-26-live-timeline-markdown/after/09-safe-link.json,artifact,1219,f96f4e4a214fa8707222c32315549c681df2291e2e09be771ccadcdace6a32e3,yes
artifacts/agent-workspace/2026-07-26-live-timeline-markdown/after/09-safe-link.png,artifact,67676,b5772a3b360d009037589785eae1f194b2d5fc3b4503ee86a3d960a26e30d4b6,yes
artifacts/agent-workspace/2026-07-26-live-timeline-markdown/after/10-blocked-image-placeholder.json,artifact,1251,18a7a7baaed3268032c3595979bb804aab2f70ad3cb21e7671f0c931ad7339aa,yes
artifacts/agent-workspace/2026-07-26-live-timeline-markdown/after/10-blocked-image-placeholder.png,artifact,65475,9fea37c52727ea2ddefc6d4fe2a43b9810cce61dab2a2a5f8faa64fb3695d1b3,yes
artifacts/agent-workspace/2026-07-26-live-timeline-markdown/after/11-non-empty-processing-summary.json,artifact,1016,97a61dc1265e43b3b305e4571c0da62e446d185bb81b913942a567291ba98cd6,yes
artifacts/agent-workspace/2026-07-26-live-timeline-markdown/after/11-non-empty-processing-summary.png,artifact,51751,241b33cac1f9831380ab25893b4893c2ce5fa1fe9dfc5af5f7fe79b8c7508b3c,yes
artifacts/agent-workspace/2026-07-26-live-timeline-markdown/after/12-no-summary-no-empty-card.json,artifact,1013,72382710d4fc53fd57a30b5a37da3b92cc6109bd718625565432e9d539a3c4fe,yes
artifacts/agent-workspace/2026-07-26-live-timeline-markdown/after/12-no-summary-no-empty-card.png,artifact,53241,827d8d81651e1106e2a4a14524220fd655ff9d0d629d3e8fca2fd08f96395bf9,yes
artifacts/agent-workspace/2026-07-26-live-timeline-markdown/after/13-work-progress-completed-seven.json,artifact,766,af3e4cdf65156add37259a045e9ab90355e84391127c414ff0ebd17152a7d4e5,yes
artifacts/agent-workspace/2026-07-26-live-timeline-markdown/after/13-work-progress-completed-seven.png,artifact,43112,3088614161ae9e70f0c1d43e8ae282e5e390acf138557489c03f43f13ee08f5a,yes
artifacts/agent-workspace/2026-07-26-live-timeline-markdown/after/14-work-progress-one-failed.json,artifact,756,963e3dc484dbb066d3ccdbfd4256f31686aa783b129eb559369583539717df92,yes
artifacts/agent-workspace/2026-07-26-live-timeline-markdown/after/14-work-progress-one-failed.png,artifact,47349,1a42310bfcfbd68c8380e7ee5d6bc7bae50e1a9f3a02d03bad599e4b1255af2b,yes
artifacts/agent-workspace/2026-07-26-live-timeline-markdown/after/15-details-collapsed.json,artifact,742,52c1836e9ec1927c093518ff37f201541ee23370b3d8c22ec034c56645df6dc4,yes
artifacts/agent-workspace/2026-07-26-live-timeline-markdown/after/15-details-collapsed.png,artifact,42978,570736f2962aa98ddd2ab0d75b0580621964a1bb77c3e2312fed7ccc5eddb254,yes
artifacts/agent-workspace/2026-07-26-live-timeline-markdown/after/16-details-expanded.json,artifact,746,b0b5d0f8e3df36530e9fa8e2a0ae34c2b3469996e8f4fa171a65c41a67d6a57e,yes
artifacts/agent-workspace/2026-07-26-live-timeline-markdown/after/16-details-expanded.png,artifact,63755,cede90d9f24ec40a756f3a5e321bd7d4904d18e56823e21edd508320419e0d4a,yes
artifacts/agent-workspace/2026-07-26-live-timeline-markdown/after/17-long-plan.json,artifact,713,080ee5210d9fff1213c50dfadf1ad45a0938b6fdbd24b5d47d95346860285b8b,yes
artifacts/agent-workspace/2026-07-26-live-timeline-markdown/after/17-long-plan.png,artifact,68742,8f7ab89c6ff25b3d063cdcb62b47b0df518db74f79037f544985e2b32a2e4dad,yes
artifacts/agent-workspace/2026-07-26-live-timeline-markdown/after/18-final-multi-paragraph-answer.json,artifact,764,e192c61b8c94f03ee9bfc40f34e8bdf3bb0107c1c067c588958fc5d360681ba0,yes
artifacts/agent-workspace/2026-07-26-live-timeline-markdown/after/18-final-multi-paragraph-answer.png,artifact,65675,f88524a8d9d71b5f3cac41cbaa843d3686ffefde221458792caae3a6a3cc8f99,yes
artifacts/agent-workspace/2026-07-26-live-timeline-markdown/after/19-waiting-approval.json,artifact,1006,6ea8ae22ab3426cf1f1dd2044b751d37162e1b3d3b3fac66e242f79676c5b3b1,yes
artifacts/agent-workspace/2026-07-26-live-timeline-markdown/after/19-waiting-approval.png,artifact,50696,eaa7ba02b239b23c51445b4bc74afa20c021ac2706b6e8b9b5ebab73f229f93b,yes
artifacts/agent-workspace/2026-07-26-live-timeline-markdown/after/20-provider-disconnected.json,artifact,774,c473553f2e99e97388f9b9c76571dd7fa5ca0cac7af01d2c1b1e2db5dab23fee,yes
artifacts/agent-workspace/2026-07-26-live-timeline-markdown/after/20-provider-disconnected.png,artifact,51369,3031980cd861927ac2e21749ae63c76670ee7cc9668dd74cc11b2dc6a77e23f8,yes
artifacts/agent-workspace/2026-07-26-live-timeline-markdown/after/21-font-scale-150-percent.json,artifact,1245,317579ffc43ef3230a43eb08bd176625d51ae1a7a3ac2668f4c2420786a50690,yes
artifacts/agent-workspace/2026-07-26-live-timeline-markdown/after/21-font-scale-150-percent.png,artifact,79878,d879846149f4990fb9bc4298da3f0ce91f6f05bebfd89395aa7e8b24232e1282,yes
artifacts/agent-workspace/2026-07-26-live-timeline-markdown/after/22-dark-theme-selection-focus.json,artifact,1260,a9d2bf1699a7f7fc43d6454f7c9600f939d1d97678b6609a33321ba5b08a1c44,yes
artifacts/agent-workspace/2026-07-26-live-timeline-markdown/after/22-dark-theme-selection-focus.png,artifact,63892,ce3d4fee4742990dbf6a458f7470aa8c0337ad922a165ad87abbb52b4935acb0,yes
artifacts/agent-workspace/2026-07-26-live-timeline-markdown/after/all-22-states-contact-sheet.png,artifact,167773,79c44e15b50133bb30c10ce2f5be4d4a50fb77e3bb1e987df33c2ab1a01b6641,yes
artifacts/agent-workspace/2026-07-26-live-timeline-markdown/after/checksums.sha256,artifact,2195,7ec9b70825bdb0a91b17c2e3b41ce5185e73f5b6fa2d57f59248414c4224151d,yes
artifacts/agent-workspace/2026-07-26-live-timeline-markdown/after/manifest.json,artifact,26656,29b95353d274b00945e237a8da0edf2e33fc8a0d643bd01707a12103a879047d,yes
artifacts/agent-workspace/2026-07-26-live-timeline-markdown/after/visual-review.md,documentation,3914,338e3bf62e34c7c79b27435e09e6d5edfbdf16700f463cf99ad6a39948acfe41,yes
artifacts/agent-workspace/2026-07-26-live-timeline-markdown/audit/audit-2026-07-26.jsonl,artifact,2995,5774eeb76f3ca3a9b38cf9453907a958ebf08d46f2f8a7b5417026387dfa0e7a,yes
artifacts/agent-workspace/2026-07-26-live-timeline-markdown/before/01-live-timeline-one-line-and-blank-summary.png,artifact,358149,1f1b6275f9722aa6467cc3322d6718913d04381b07b461df8413aa7c8b74174b,yes
artifacts/agent-workspace/2026-07-26-live-timeline-markdown/before/02-live-timeline-repeated-blank-activity.png,artifact,274292,394a460a859c6391c56a2714132d65d1e1742c26b58d6b1b2263c800ae68225c,yes
artifacts/agent-workspace/2026-07-26-live-timeline-markdown/before/checksums.sha256,artifact,225,ba1f9761c724262abdb19950fabeee33b62650512f0dc8d802a8bcfb5f5eebac,yes
artifacts/agent-workspace/2026-07-26-live-timeline-markdown/before/manifest.json,artifact,693,74a825190373bc7e1cdd9981fae0af9522df2f6faf1ae3238e77063419950683,yes
artifacts/agent-workspace/2026-07-26-live-timeline-markdown/performance/performance-benchmark.json,artifact,2477,cd5726e434c858be400032d3d96df76054ff38bf1481d19043d24ff51e09a422,yes
artifacts/agent-workspace/2026-07-26-live-timeline-markdown/performance/performance-benchmark.md,documentation,1834,04ea6589d13903864dfd6609ea351fe3595d2fe75476fc35117eb3bbe25aa8a5,yes
artifacts/agent-workspace/2026-07-26-live-timeline-markdown/validation/validation-summary.md,documentation,2126,288d0f15a3b26e2b466a260f07b8ef3a62ff3c8ebc1c8e0bdfc1b39bc8b8111d,yes
artifacts/agent-workspace/2026-07-26-plain-language-transfer-review/after/01-live-task-only.json,artifact,607,a198cb6f10a59faf5b3f33d793ce1cab7233bb831e68b1e1099a8c59cd3e4ae7,yes
artifacts/agent-workspace/2026-07-26-plain-language-transfer-review/after/01-live-task-only.png,artifact,71875,eb0dafcdb77593f5a4c42c9b09039a6c266eed6b63f3806f0f04c216ba3e0744,yes
artifacts/agent-workspace/2026-07-26-plain-language-transfer-review/after/02-live-evidence-backed.json,artifact,619,0f558f446652bbc96c168ad852666fa10785842b4c7ae7612d7f7c99fc767b12,yes
artifacts/agent-workspace/2026-07-26-plain-language-transfer-review/after/02-live-evidence-backed.png,artifact,80512,e76dd14cb4a4103d6e8d8ca7e404cdad1e28820f700a6380b124da6524acfcc7,yes
artifacts/agent-workspace/2026-07-26-plain-language-transfer-review/after/03-live-email-phone-redacted.json,artifact,629,7894874304f5f632dbde5eb03f335431713922a3c1483f68fe7c52b81bf73bad,yes
artifacts/agent-workspace/2026-07-26-plain-language-transfer-review/after/03-live-email-phone-redacted.png,artifact,77096,6a18ae695a0fcefcd546bde7e0411915cfb1fea8aeb5b0869c1f845812fe8883,yes
artifacts/agent-workspace/2026-07-26-plain-language-transfer-review/after/04-credential-blocked.json,artifact,616,20e6f2581f96becba280db5b1bbd5eac2647184f6c84418260295361e2c0e6d0,yes
artifacts/agent-workspace/2026-07-26-plain-language-transfer-review/after/04-credential-blocked.png,artifact,76572,f639a4aa505504e4f9ae7981489a65d91e08048f50669e9da5205a63ade37ed6,yes
artifacts/agent-workspace/2026-07-26-plain-language-transfer-review/after/05-full-transcript-unchecked.json,artifact,629,399da16b9c589db077b2995f317d03288e69bcbfc181867a27ed276214cf72f4,yes
artifacts/agent-workspace/2026-07-26-plain-language-transfer-review/after/05-full-transcript-unchecked.png,artifact,77063,d30cffa8352aa5e2878522a796104ccdf66cc27448af549e931afbbcf79d14d0,yes
artifacts/agent-workspace/2026-07-26-plain-language-transfer-review/after/06-full-transcript-checked.json,artifact,623,a102cc9979dd0a73041b60f77c121fcbf8cfa5c26ba452b4263656f9314a900a,yes
artifacts/agent-workspace/2026-07-26-plain-language-transfer-review/after/06-full-transcript-checked.png,artifact,77301,d3e3212bf22587e562d9d130703075ef86c6548ac7c99bcafbd6c71b7a6dce64,yes
artifacts/agent-workspace/2026-07-26-plain-language-transfer-review/after/07-technical-details-expanded.json,artifact,630,5ade9e26e3973b86748957a6461aac01f5a1d1707cbac7014e34e67b45839d2d,yes
artifacts/agent-workspace/2026-07-26-plain-language-transfer-review/after/07-technical-details-expanded.png,artifact,75813,daaa8d9895bd4b9c6ae4f0611a8c63ea9d8446c09718f5762f54318bacc15dc7,yes
artifacts/agent-workspace/2026-07-26-plain-language-transfer-review/after/08-demo-local-only.json,artifact,610,3b7a7761b0e8ead9e5faff336947ac3eaf726d6a05dacea34c7ed539d4a9e63d,yes
artifacts/agent-workspace/2026-07-26-plain-language-transfer-review/after/08-demo-local-only.png,artifact,66414,33c17db8d9124842321bb1fe8aac687df4fd6fbb6335811b4a721d54b69584b5,yes
artifacts/agent-workspace/2026-07-26-plain-language-transfer-review/after/09-viewport-1024x768.json,artifact,630,934b3d224c388b2eb30a336c6ea94d3b494783c3bb887a1e5e5c5444a4bee839,yes
artifacts/agent-workspace/2026-07-26-plain-language-transfer-review/after/09-viewport-1024x768.png,artifact,73869,4525f30002b6bea6b8ff1864c86b9c73c7a44660262397680171a276aa60eda2,yes
artifacts/agent-workspace/2026-07-26-plain-language-transfer-review/after/10-viewport-1440x900.json,artifact,630,03aca83abaf1e8ca8760825e04e7730a5ea23baaa859516610b6aa3cafa1ba16,yes
artifacts/agent-workspace/2026-07-26-plain-language-transfer-review/after/10-viewport-1440x900.png,artifact,82583,8a00efdfd644c179cd22fd33cfab15b1e8daef0ed5fd36df5d9c5e6950757d41,yes
artifacts/agent-workspace/2026-07-26-plain-language-transfer-review/after/checksums.sha256,artifact,940,070ebe15004a36cd87ebd823422008841230a0c589c412c5ead9a2758cbc4a9e,yes
artifacts/agent-workspace/2026-07-26-plain-language-transfer-review/after/visual-review.md,documentation,3419,b68aa4b9add470db87a154216191c924adcbcaa77cc6b8905bae681d8e41f027,yes
artifacts/agent-workspace/2026-07-26-plain-language-transfer-review/before/legacy-transfer-dialog-1440x900.png,artifact,67830,c13f1551f60bc4bde6fa5bd3c721516904334c4f0ce2390ee89334c4ce5ee470,yes
artifacts/agent-workspace/2026-07-26-plain-language-transfer-review/before/legacy-transfer-dialog-widget-tree.txt,artifact,1752,6197654866f885735132893fbf14b4539494111b3917dd3b20fbdc2a89ebb159,yes
artifacts/agent-workspace/2026-07-26-workspace-write-thread-start-fix/README.md,documentation,2123,df34b3fffdaf9d8d556fc9490803a3d29cc3a7486b27089b3349bec9338472aa,yes
artifacts/agent-workspace/2026-07-26-workspace-write-thread-start-fix/live-workspace-write-minimum-001/error-log.jsonl,artifact,0,e3b0c44298fc1c149afbf4c8996fb92427ae41e4649b934ca495991b7852b855,yes
artifacts/agent-workspace/2026-07-26-workspace-write-thread-start-fix/live-workspace-write-minimum-001/event-trace.jsonl,artifact,7164,d471770b6970c7a2595f84877922cc93a690f39eb601b02718960cad1ed2df89,yes
artifacts/agent-workspace/2026-07-26-workspace-write-thread-start-fix/live-workspace-write-minimum-001/failure-analysis.md,documentation,196,393d12416c15839e308b605bcbc954a9d0485ea1fafbdee6a701ee55c450827d,yes
artifacts/agent-workspace/2026-07-26-workspace-write-thread-start-fix/live-workspace-write-minimum-001/latency-report.md,documentation,104,7989f68d711beedb731f65f357bfa9795603ecfe3d991c247a6691e9551a7853,yes
artifacts/agent-workspace/2026-07-26-workspace-write-thread-start-fix/live-workspace-write-minimum-001/live-run-summary.json,artifact,988,07c6a0d849047eea18c723937ad00d32afdecd581757f8014cdab8b1b07cad98,yes
artifacts/agent-workspace/2026-07-26-workspace-write-thread-start-fix/live-workspace-write-minimum-001/request-summary.jsonl,artifact,236,622ebe3da9de787c1e10ec8614bd858a9d8148bcf9d99af8ed4104e58b355b9c,yes
artifacts/agent-workspace/2026-07-26-workspace-write-thread-start-fix/live-workspace-write-minimum-001/runtime-validity-report.md,documentation,409,05dc443656acc075954236dfa8ca4a2ca1dcc36b4cb81de498d57aaed8755585,yes
artifacts/asr-benchmark/2026-07-13-common-voice24-minimum/SOURCE.md,documentation,1124,bf1a7836ae88920eb43d747b8a99a0110aa44fd460b9798a72c4f80d355526d5,yes
artifacts/asr-benchmark/2026-07-13-common-voice24-minimum/audio/common_voice_zh-TW_17460970_0000.wav,artifact,135630,1643837c78a745a8be7bd1ac51456e8241015140558edb5c73fda42ff707d524,yes
artifacts/asr-benchmark/2026-07-13-common-voice24-minimum/audio/common_voice_zh-TW_21967549_0000.wav,artifact,157134,db8f5dade446cfbbcd1afcc520178ac30d6e5a467f2b2043609a410efa2d6e9b,yes
artifacts/asr-benchmark/2026-07-13-common-voice24-minimum/audio/common_voice_zh-TW_22704609_0000.wav,artifact,106446,4c396b26175096642276cc52e2daab62727eabf7f2ec3eb679fb8cd616aa8063,yes
artifacts/asr-benchmark/2026-07-13-common-voice24-minimum/audio/common_voice_zh-TW_25343480_0000.wav,artifact,109518,7825b878352bce60fe1399f4883f2f2a5dc59ee7104e7044b4108ef606ed0dc0,yes
artifacts/asr-benchmark/2026-07-13-common-voice24-minimum/audio/common_voice_zh-TW_30160712_0000.wav,artifact,111054,7e96ce9c6b558fc88a2fc8bcdc4fdbe52f07dff197feeaa1a6f31830a63ded21,yes
artifacts/asr-benchmark/2026-07-13-common-voice24-minimum/error_log.jsonl,artifact,0,e3b0c44298fc1c149afbf4c8996fb92427ae41e4649b934ca495991b7852b855,yes
artifacts/asr-benchmark/2026-07-13-common-voice24-minimum/event_trace.jsonl,artifact,2891,43ce7ee26323099529832698c72f1247d59a7a86e7a311fe3c1f3688922a9c3b,yes
artifacts/asr-benchmark/2026-07-13-common-voice24-minimum/failure_analysis.md,documentation,494,80492daecbd9ae45283a917aec1012cff4435abc57d219c338c23e4e6ee021b8,yes
artifacts/asr-benchmark/2026-07-13-common-voice24-minimum/final_decision_report.md,documentation,722,262ec5cea1f76d79698271abea3eb61967c8f3a925e47399fc3d71d1bec34578,yes
artifacts/asr-benchmark/2026-07-13-common-voice24-minimum/gpu_metrics.jsonl,artifact,9659,28a49f5ce60d02e5af3d97d7e6aad79f12d20557350b8555b60c39c5ba2340d5,yes
artifacts/asr-benchmark/2026-07-13-common-voice24-minimum/latency_report.md,documentation,274,96851033d18abf4c534983b604d05b0a53d305a98e64ba87c3df96a9d98d7f96,yes
artifacts/asr-benchmark/2026-07-13-common-voice24-minimum/meetily_stderr.log,artifact,5425,fce9141bd5ac8d85072d15debbfc2f73cee62f8b61ab8304befbf1b502a569e6,yes
artifacts/asr-benchmark/2026-07-13-common-voice24-minimum/request_summary.jsonl,artifact,11165,04f61608b706c9d84c27a9755a49334d4b04ef61a43c631182ac056f92dd2c7a,yes
artifacts/asr-benchmark/2026-07-13-common-voice24-minimum/run_config.jsonl,artifact,267,f2c661dfadd0c0f9a4c1513f38dcff38722cdad90a17dbf7b33bdc226720d3dc,yes
artifacts/asr-benchmark/2026-07-13-common-voice24-minimum/runtime_validity_report.md,documentation,456,fccce0708799af1b4f39703d31e76c90c0744fee816e70a04c31fdd4dd5c091d,yes
artifacts/asr-benchmark/2026-07-13-common-voice24-minimum/source_manifest.jsonl,artifact,2069,0e81ca33fa7135e4bcfd9f5b2d7f32a549abece60603aec283622fbe9ab2317d,yes
artifacts/llm-runtime/2026-07-23-ollama-gemma4-e4b-qat-minimum/error_log.jsonl,artifact,1120,c5125589567daf4ac5bf9dcabb8d15cb94315f36609353ed2b3a809f3dbb8e01,yes
artifacts/llm-runtime/2026-07-23-ollama-gemma4-e4b-qat-minimum/event_trace.jsonl,artifact,2167,8a265be07855568911031ad698931d8862e31022ee7bda9a4f0476ce18bcbdf6,yes
artifacts/llm-runtime/2026-07-23-ollama-gemma4-e4b-qat-minimum/failure_analysis.md,documentation,1225,6d22e69772a1bb89d085502f134244acd04ddd8bfc0810e4223f27cfab817a3f,yes
artifacts/llm-runtime/2026-07-23-ollama-gemma4-e4b-qat-minimum/final_decision_report.md,documentation,1153,d508ef2fbeeb31552f16b7ae379042fbb33c596ad22798ffdf73215700e65bcb,yes
artifacts/llm-runtime/2026-07-23-ollama-gemma4-e4b-qat-minimum/gpu_metrics.jsonl,artifact,815,39e2d8c2b13ca15c6b1577fcb5ea161eb9de5711f7156085deb04653609979e0,yes
artifacts/llm-runtime/2026-07-23-ollama-gemma4-e4b-qat-minimum/latency_report.md,documentation,665,4ba477ad6e47480706eb7927f39e537e35537595fce9d613c5fa76f00a597c5a,yes
artifacts/llm-runtime/2026-07-23-ollama-gemma4-e4b-qat-minimum/request_summary.jsonl,artifact,1200,0c6a84ae667e720fe207a40792eda25f783b0414d004a55cd235b58a0edff342,yes
artifacts/llm-runtime/2026-07-23-ollama-gemma4-e4b-qat-minimum/run_config.jsonl,artifact,686,8a1bff8fc3eaaef937262d9e8bb0011c1a54ff6739c71af9156a430a0847ddab,yes
artifacts/llm-runtime/2026-07-23-ollama-gemma4-e4b-qat-minimum/runtime_validity_report.md,documentation,1382,90263e8c611449db8e392edc8d65dc2e45cdee12a556b7253b82136b068755a4,yes
artifacts/llm-runtime/2026-07-23-ollama-gemma4-e4b-qat-minimum/source_manifest.jsonl,artifact,539,c2662ee4d2f00a7c71498d9df6ad1cadf9a97554922cd8b20cd191ea996327f5,yes
artifacts/privacy/2026-07-26-public-anonymization/audit/audit-2026-07-26.jsonl,artifact,837,770057c01a1e940f6dc44e34ffec0c34f3fee5b8e256e2293a8cc9efbab83b0c,yes
artifacts/privacy/2026-07-26-public-anonymization/scan-summary.json,artifact,1813,f19af363a21cc08b05b16d70bd42c8325babdf046a69a29d5ff47c7c59956df2,yes
artifacts/stable-daily-assurance/README.md,documentation,1302,0dd4b238286e454b5020d196bf5b085577568624dbca8bc9377e7b8030f1b287,yes
artifacts/stable-daily-assurance/compatibility-matrix.json,artifact,1001,b4016a3f9a4d8b4da99231f01c7eeb439a7a7721448979fb7c7c06bc050c4fd6,yes
artifacts/stable-daily-assurance/evidence-register.csv,artifact,2020,244e7f5b780a21a3eddf1e1413ca1763fd517448333817662d958a20f7fe24b7,yes
artifacts/stable-daily-assurance/live-codex/error-log.jsonl,artifact,0,e3b0c44298fc1c149afbf4c8996fb92427ae41e4649b934ca495991b7852b855,yes
artifacts/stable-daily-assurance/live-codex/event-trace.jsonl,artifact,7150,147afee35e53ecc38aec66a8a6ccd88ad3634884359ad73f163ee01e713f6fe0,yes
artifacts/stable-daily-assurance/live-codex/failure-analysis.md,documentation,196,393d12416c15839e308b605bcbc954a9d0485ea1fafbdee6a701ee55c450827d,yes
artifacts/stable-daily-assurance/live-codex/latency-report.md,documentation,104,eda888c5e773cc195df80b00f0be846f2cdf28a9581cf09e764fc42cc29a241c,yes
artifacts/stable-daily-assurance/live-codex/live-run-summary.json,artifact,941,186256571debe3b35ab84503884a0c1dd1b8e0e97571dab25c96b83b761d7dd6,yes
artifacts/stable-daily-assurance/live-codex/request-summary.jsonl,artifact,222,91d7498a84b313360a4079953ef20fbc77600638ebc165ce25168e28e98afe39,yes
artifacts/stable-daily-assurance/live-codex/runtime-validity-report.md,documentation,365,ca597e773faceae106c7def2d05db5b8ef8902479b911edc28cbb8bea7b8ec86,yes
artifacts/stable-daily-assurance/screenshots/README.md,documentation,1945,fccc73eee4b0de9bb2c71a98ff0bbb90e7c3f0cb7a5acee6b04b7b9e66a198b7,yes
artifacts/stable-daily-assurance/screenshots/after-agent-workspace-1024x768.png,artifact,92657,3bc8daf513493b38e1dbf5de529427a21613f0e4df9351402130caabbd449940,yes
artifacts/stable-daily-assurance/screenshots/after-agent-workspace-1440x900.png,artifact,96050,329973a84f7f3c76422851ad007c1e6e7bf5e4f9c369d16009b607d21f343741,yes
artifacts/stable-daily-assurance/screenshots/before-agent-workspace-1024x768.png,artifact,176639,4484a6f948dcf38ea6e9c3e78f8791200ee3abea63310bf26fd7909fca2e4224,yes
artifacts/stable-daily-assurance/screenshots/before-agent-workspace-1440x900.png,artifact,177952,176f108a3d76e83aa856ce4ac1a7054d3805c5380bc603dce75707e30acdcd30,yes
artifacts/stable-daily-assurance/soak-events.jsonl,artifact,13152,f8983de9ebcce20aa055a28baf319910505e21eaf86d811dd72ba4d1ecd4c835,yes
artifacts/stable-daily-assurance/soak-report.md,documentation,1113,5016b508d7d299b02b1daa75451728ed0875187073be088c6e4c551ffce2849d,yes
artifacts/stable-daily-assurance/soak-summary.json,artifact,1101,331b292e90c06fa74b41209e9f96b04be3ee804c589b0b740023050348d2b1f3,yes
artifacts/stable-daily-assurance/vulnerability-assessment.md,documentation,2524,7bd058bd366e193f45a09103834508a1d2ad496a27f8d9d894648c52692d5184,yes
artifacts/stable-daily-assurance/vulnerability-scan.json,artifact,12611,16385f9c8206696d79b82ed9e26af31f7942f7ecc88f68c71c105acde15eea1a,yes
config/asr_summary_impact_sample.yaml,artifact,423,6c6da8f078476ebaadc3f94cf532a94a19a6cfe15bf41b24eea5e0c65b5f2e7f,yes
config/domain_glossary.yaml,artifact,6681,01e51e10a3e05ed57a47175dbbd59e5ecfb835d4de400980d7199dc20a236099,yes
config/gemma4_e4b_summary_impact.yaml,artifact,1475,122361b67ae98d4e58ce3842a6a169b9ff0cdb323c4e504734fc2ee80e547726,yes
docs/agent-workspace/README.md,documentation,7819,9ec20f9b5faae054f40869ed9506e586a38608606e6e598d571f754ba5c9f4dd,yes
docs/agent-workspace/adr/ADR-001-evidence-to-engineering-identity.md,documentation,976,ab5c2d64d55595a7de789100b559d1904f931d21feb59d99a03aacb15f702665,yes
docs/agent-workspace/adr/ADR-002-general-and-evidence-backed-tasks.md,documentation,1037,ac3c4f9d9fdc066565a7a03ab45d10d833b86ab0e9c89a0263bff92d71a1587e,yes
docs/agent-workspace/adr/ADR-003-native-low-density-task-ui.md,documentation,1033,c9420bc7be934beee1740248d172cd20df541a8f8147e482b36c98dc91122b97,yes
docs/agent-workspace/adr/ADR-004-provider-neutral-workbench-seams.md,documentation,997,437016536bf406fdac06ac99dd41bcb84bdcb60732807271a0321a23eae945fe,yes
docs/agent-workspace/adr/ADR-005-one-live-run-scheduler.md,documentation,942,ddb5ef9c2f84ca1ff2e61a5d52892ceb98323fecaebda353f09842bbe4e637ca,yes
docs/agent-workspace/adr/ADR-006-recording-priority-resource-governor.md,documentation,949,93be477c622de049198f5c574b49878e2e77b7c12ea367753465b88098ef66e6,yes
docs/agent-workspace/adr/ADR-007-isolated-worktree-only-writes.md,documentation,939,52470d0b63d61c22f11ff6c3d9520e1ee8c5d360b85276acd95df4fec941ba59,yes
docs/agent-workspace/adr/ADR-008-policy-scoped-auto-semantics.md,documentation,956,636e58f3be4c94816477b3a2d364714d647ba2b6ac509c9b9370217934eb2757,yes
docs/agent-workspace/adr/ADR-009-repository-session-grants.md,documentation,1412,4c6de991390181468b643fac923a70e2bc702d105a474bc303dc58717ebb9c66,yes
docs/agent-workspace/adr/ADR-010-credential-and-raw-audio-boundaries.md,documentation,998,06bc88e530798330d914d15ab595de5d3bd812e6aad4f30942016f3b33b939a1,yes
docs/agent-workspace/adr/ADR-011-sensitive-text-preview-and-redaction.md,documentation,1924,8c2d6a19ac0f917018ccf06c34dec19127f84414690be28975ab0dcf6b267209,yes
docs/agent-workspace/adr/ADR-012-latest-compatible-codex-policy.md,documentation,1087,1c247afbf358bde27214381273e14e5becaab25ad94bf3347aa493c035052b1f,yes
docs/agent-workspace/adr/ADR-013-durable-queue-catalog-and-run-evidence.md,documentation,1026,dee37995c7f538ddfdda69a0cc144b65aa0414ead8c81c3ab9dac67ef3813173,yes
docs/agent-workspace/adr/ADR-014-manual-retention-storage-governance.md,documentation,993,5d270b95dc248f349746c89a89d7ac2a5405602dea6afc26207bb8d6e6a6a206,yes
docs/agent-workspace/adr/ADR-015-explicit-publish-stage.md,documentation,1269,69c3c6e7f8eea0f3bb974584ccf0394a91383ad91496ef0a0863b1568965cfcb,yes
docs/agent-workspace/adr/ADR-016-recovery-card-no-mutating-auto-resume.md,documentation,1075,4430a4768bed5a26c57bff4069c1e6b2ce8fcdbacad523f54d79702d96125baf,yes
docs/agent-workspace/adr/ADR-017-repository-instruction-trust.md,documentation,1082,c1a2603912a9e14132bc667a06de809170baf2f22355a7bcea04aeda2186ecdb,yes
docs/agent-workspace/adr/ADR-018-single-operator-future-team-readiness.md,documentation,1207,cd2eefd669483309bde5b452986b52d0c58eada4a1fd1675ed91854c02c2be9a,yes
docs/agent-workspace/adr/ADR-019-retain-native-qt-widgets.md,documentation,1468,6d807b14fc9e8bf754477da9227e8d52fc34992329a70f4faa301bc1e3453510,yes
docs/agent-workspace/adr/ADR-020-repository-grouped-project-thread-navigation.md,documentation,1115,a73ba44ae82095b0017205f7f77e276c6ef2f0274db64eec7b75ccd03437158f,yes
docs/agent-workspace/adr/ADR-021-evidence-context-as-attachment.md,documentation,1138,0acdb06cc53028d43c226c2b980fa655a8b4e1da7e66a4d8ec441abb3e1fe8b7,yes
docs/agent-workspace/adr/ADR-022-intent-first-composer.md,documentation,1071,91576ed91add60840e70370687e7c8e7b9889da93764aef7fe5d441c55110e74,yes
docs/agent-workspace/adr/ADR-023-progressive-disclosure.md,documentation,1612,3b88b505c5a220a9035de6665c61ff6d4496fd1b2c065c6b1bf30a0138c1bfec,yes
docs/agent-workspace/adr/ADR-024-contextual-artifact-inspector.md,documentation,1060,7892d27e3d70dad7ebc894db7c33177de3addd61a5aff60a3a3e8cec11fc3449,yes
docs/agent-workspace/adr/ADR-025-qt-model-view-scalability.md,documentation,930,9e99153d7cbddc76fae7197d7712b799be518f7f1d017fae2e7b85bdb4f666bc,yes
docs/agent-workspace/adr/ADR-026-hybrid-approval-rendering.md,documentation,1020,96ccf944832f76c8551e97e8a4017b13ef82a1e67d14f07549ed1e621f0c5692,yes
docs/agent-workspace/adr/ADR-027-application-facade-presenter.md,documentation,1050,c10c29802a8589e1bf5020139089f9278a583217f2ff6c3a1c72e230df8b0bf0,yes
docs/agent-workspace/adr/ADR-028-composition-root-extraction.md,documentation,1073,8c4112baecd4bfece8675cd1d11ea214c634dd26a7ec9a514bbd233e54d7bf3b,yes
docs/agent-workspace/adr/ADR-029-centralized-design-tokens.md,documentation,964,b16893fe0637e7a0ee02333a1bb2d8a2ffe1c57c8b1ff7037c840043aa13e708,yes
docs/agent-workspace/adr/ADR-030-work-item-run-semantics.md,documentation,1032,0dc6a8868de571da61db338ba3292d3031c8ea92020bdf0243700c5a38ee6b50,yes
docs/agent-workspace/adr/ADR-031-steer-and-queue.md,documentation,937,296a0f7f1713d9eabdfd3e4d848b4bf6f1feef41e61face3ae29c6dd30efb49c,yes
docs/agent-workspace/adr/ADR-032-drafts-and-ui-preferences.md,documentation,1035,d816678c8abcced7923ddb6139bc877924964a6bb5f0e2263a7b76c2645ee882,yes
docs/agent-workspace/adr/ADR-033-ime-safe-enter-to-send.md,documentation,907,40e40d5cdc16d194278ec4134ac571a78fd931a9dc88c0939617cf4c1c17eade,yes
docs/agent-workspace/adr/ADR-034-contextual-publication.md,documentation,1156,71001dd3cef34185ba019e21a07ee8dbba555abf9fa8f0c199dc532bb5c79782,yes
docs/agent-workspace/adr/ADR-035-recording-priority-ux.md,documentation,1062,1f01bf03bab539f65b0f73f1dd0acb2def8584c7e3e015ef7d509cbb10fdbd71,yes
docs/agent-workspace/adr/ADR-036-future-workbench-seams.md,documentation,1297,14ee02248127dc18062ba2b760886326034ddd1e2f8def57a84e449fed28427e,yes
docs/agent-workspace/adr/ADR-037-native-markdown-timeline-and-activity-digest.md,documentation,2436,6972ab351978acbee309500249a44f8897e11691e082debf11b6e4ff4cb81b88,yes
docs/agent-workspace/adr/README.md,documentation,3940,9655fdf32b6cdf03d62c8adc22d8054e78547d342f02a0c00ce0676a0b7124d6,yes
docs/agent-workspace/architecture.md,documentation,11538,81277b8027f1234ba1e8249d1b49be7d7a5c45747587f75ff982dc6023697ca8,yes
docs/agent-workspace/codex-provider-guide.md,documentation,4532,c506220d9f65d45d59268ddcebf2ed4816835cc1c9195cb9d945eba4bf27c8e5,yes
docs/agent-workspace/configuration.md,documentation,2756,529a4b3af55da432af0ad007f432cd517005b6eb0556f843596ecab25a9fb65f,yes
docs/agent-workspace/conversation-continuity/issue-and-resolution.md,documentation,5491,494734c82ae75b1dd28e5132950b24c1ee6467d85acedf66bcf9f1d51f4f279f,yes
docs/agent-workspace/data-boundary-guide.md,documentation,4135,8e5c4eb1673f38ebeeaba927bede7f984384ed0e8288a6dca431ac7d4c1e1173,yes
docs/agent-workspace/definition-of-done.md,documentation,13379,05e7bf09e805ee20a3e6119c6104083ab81fe0ec4cca94a04c57dc0df903a689,yes
docs/agent-workspace/demo-script.md,documentation,2110,aa593fdd329a9fb3f01b4f1038ea740eb3fdbb2f418600572d08d7abdd576a93,yes
docs/agent-workspace/developer-guide.md,documentation,2900,a6cd523360dea4a0c579e596f6575ba50f729c18309dc8c9c02679273176c29b,yes
docs/agent-workspace/final-implementation-report.md,documentation,15542,af30183f26ef5f7d8f872a5a1614ff33b0be10fe6ed695782d2faa20264e72cb,yes
docs/agent-workspace/implementation-plan.md,documentation,7323,6f7980383134b745c8b801c18e01f1aabdc850cbc0e9b7970061f0e730ab6053,yes
docs/agent-workspace/keyboard-shortcuts.md,documentation,1172,ccdce9b536adda2a6800435e38b0669b336827d6aa2fb38ce2851dd208e8c8d7,yes
docs/agent-workspace/live-first-readiness/issue-and-resolution.md,documentation,8328,751524c289b28844266227d47bcd03bada21a73df3e6f4ae3573f102dac70351,yes
docs/agent-workspace/local-development-guide.md,documentation,5807,8af19f73ff6e863ec0ca564fe851607dccbfea261bcf8a8ff24146e05e171a40,yes
docs/agent-workspace/login-guide.md,documentation,1446,7121b70a0d643ec0275af27b179a16e5fa9b34912e80219bed3f4221e7060202,yes
docs/agent-workspace/phase-0-baseline.md,documentation,5405,ed10e077d8c47e767295b332030454dbf7acfa2fdae05fdb002d3a139cda22d3,yes
docs/agent-workspace/rollback-guide.md,documentation,2502,fae35909ae7b285c58e27530e68d104546157562bb22e8057f4b3e0f36418618,yes
docs/agent-workspace/security-guide.md,documentation,3618,b5c414299ce3fabf7c0248d6e5be72651ae6e44222d210cb26aacc1ca35c901b,yes
docs/agent-workspace/timeline-markdown/acceptance-status.md,documentation,9166,fb505e3f910a50957eb38276f510d6dc71c598267dd9eed0a88a9bd0ef21bdf6,yes
docs/agent-workspace/timeline-markdown/content-format-contract.md,documentation,2105,0b3997b88e35d15251d973ae90e92dd6b3e020dafd6e987bd2dafb3508a894e6,yes
docs/agent-workspace/timeline-markdown/copy-deck-zh-TW.md,documentation,2164,7049dcda65c212542113ebb73f27d1fbbce05493a51fb9416557cd85eb5b2cfa,yes
docs/agent-workspace/timeline-markdown/current-state.md,documentation,5172,e74b0344e35ed66931e2acb20d3ff03f818a7d4b48c4331682a51e2acb96d616,yes
docs/agent-workspace/timeline-markdown/issue-and-resolution.md,documentation,5508,47439321c4bfeb2d730aadf4bad1b17945e27246902c838cf78087fad11aede8,yes
docs/agent-workspace/timeline-markdown/security-policy.md,documentation,2054,09a6cfd387828295a49843d5a1926013655fd5f1d00f2f534c8a6e2c9ae4dea2,yes
docs/agent-workspace/timeline-markdown/source-record.md,documentation,1856,10bdea26caba03279528a151a9bfd32fec5a2509ab1789e6300e3cee904c7cf6,yes
docs/agent-workspace/timeline-markdown/test-plan.md,documentation,2831,b6568a331e72b5333140807a39e973e6149ddf47399bee27d25efe7ca8e9e38b,yes
docs/agent-workspace/transfer-review/acceptance-status.md,documentation,6834,5e33e273e9471c4ba3d61e0245824e1a5c70b9e9fd3d9bff3ad9f1177cda9ae2,yes
docs/agent-workspace/transfer-review/copy-deck-zh-TW.md,documentation,4451,da9318f7ec809fd8f7623a04a2c905334d37798268e551f88dcf53ac5baa0603,yes
docs/agent-workspace/transfer-review/current-state.md,documentation,8152,731b26ce23f5bb134387ee99a9541c4d1fc73444bc447ac064a67bce9c18fa34,yes
docs/agent-workspace/transfer-review/interaction-states.md,documentation,4312,58a7649d82adb36e39b1e79992296971fe627520333144e631ce93ec9abc767f,yes
docs/agent-workspace/transfer-review/source-receipt.md,documentation,2509,09680eebfe986afa9f7d90e530c2620432dfc37dcf348c181e35a042cc75f3bd,yes
docs/agent-workspace/transfer-review/test-plan.md,documentation,7968,71a6b50e33674dc6e4c21c6f4483ff0acc9fd3dab391c03922b2a69c0a429e11,yes
docs/agent-workspace/troubleshooting.md,documentation,4733,729d7312e7518763b3a3b12299c0848baf6853f4ad06b2153d38cdb2f45ac70b,yes
docs/agent-workspace/user-guide.md,documentation,12437,0d111a416455596a4cfcc4aec405f57eeca31fd3360756ef312c49cdbea84394,yes
docs/agent-workspace/ux-redesign/01-current-state-audit.md,documentation,10340,0663eb86c09c5e3ae851bef299b2cdbf5b54aabc62f2d4e9b63c83996fcf0a9f,yes
docs/agent-workspace/ux-redesign/02-user-jobs-and-product-principles.md,documentation,6408,29916f66d68c7bc2bb0b282f338193ec66eb256706d18f2784dae0ce8b3f850f,yes
docs/agent-workspace/ux-redesign/03-information-architecture.md,documentation,6070,9d46d0a49a7540561d5dd22995a4b3d4c77ecda04425f9e5df75a0c963bb6198,yes
docs/agent-workspace/ux-redesign/04-user-flows.md,documentation,7444,f3c110ec699af374a26ab3ea68d85184c19bd5140274d36cb3937350ad1c9ee8,yes
docs/agent-workspace/ux-redesign/05-wireframes.md,documentation,6767,a54c06abedb87ec17263890494d200d65f15e974daed8f08a787a353a858abf0,yes
docs/agent-workspace/ux-redesign/06-component-and-state-map.md,documentation,10421,90fe509dae5f3338e06b4555023bbafbd760accfa619f89f89df581d2ba45acb,yes
docs/agent-workspace/ux-redesign/07-copy-deck-zh-TW.md,documentation,10260,616c74c6857417ccf616bb6151303885b520f891b18f2f37bb07ea377820f35a,yes
docs/agent-workspace/ux-redesign/08-accessibility-plan.md,documentation,8034,e07718a1a6a6473e53d727ea2c832750af5ed5896c56e23f2138406d24d726bc,yes
docs/agent-workspace/ux-redesign/09-usability-test-plan.md,documentation,6444,d1e99eacdff3366105523a0ac4e5e3d84dc2ad5de3bb421c7021fb2cc0e9adf8,yes
docs/agent-workspace/ux-redesign/10-migration-and-rollout-plan.md,documentation,9471,2eeb3c067cbe043ec95e18524f79a9db076fd7d4c166dd0bcf534f93627a45cc,yes
docs/agent-workspace/ux-redesign/11-acceptance-status.md,documentation,13113,12cc1d59e7863bf3c7811eb5e70afb53ddcb1b2ec6d2d1b01706372c32062cab,yes
docs/agent-workspace/ux-redesign/12-usability-evaluation-results.md,documentation,2060,3d54bf5d9c0ec615fa99ec19dfd7ae3546adecf6c8ad8a207038911eb4bd4e7e,yes
docs/architecture_decisions.md,documentation,15582,5af3ef1443fb7ec1a705d139e33a080965740841412c59b04d8fdd7e5222579b,yes
docs/asr_postprocess_fuzzy_glossary.md,documentation,3506,bc116db247c1fa8691df6423f561c7735008022f1725947f537d2ee2e0d7c331,yes
docs/audit-event-system-design.md,documentation,20654,f8dfd1179120aaf462db10764587eb2cbe1742cb994d530a3e1961522d2c4eeb,yes
docs/audit-events/2026-07-14-gpu-only-asr-live-benchmark/audit-event.md,documentation,17278,2123c5e27e757df22bb60607d7a28d0a72b3748a8b59562afae9f726a394cedd,yes
docs/audit-events/2026-07-26-agent-workspace-conversation-continuity/audit-event.md,documentation,3212,663429024957c7279429d045425eb081bab0b548a255ea18bed581f12c1fcacd,yes
docs/audit-events/2026-07-26-agent-workspace-empty-state-microcopy/audit-event.md,documentation,13080,c351d49e00a0b95eccd12ab58d9ec275a6ec4d71f7a591f4d60de2eb8d011019,yes
docs/audit-events/2026-07-26-agent-workspace-live-first-readiness/audit-event.md,documentation,4027,93cf0e156451be955355f2b18184513b0555581ab46e5dacef53a65046f4f327,yes
docs/audit-events/2026-07-26-agent-workspace-thread-start-compatibility/audit-event.md,documentation,17398,441025829a7971a4b3ca38a2ad6ad07e877cda6af714de4caa2b36be1c79181d,yes
docs/audit-events/2026-07-26-agent-workspace-timeline-markdown/audit-event.md,documentation,9171,c13825967b08fd64ad2e8376d6a5777be974263557280e530676e4d56e50b635,yes
docs/audit-events/2026-07-26-agent-workspace-transfer-review/audit-event.md,documentation,14748,6e156776c9fb713144edeb8c32d1f26fab312a0e9fc7c36276c8d8d020dd92a9,yes
docs/audit-events/2026-07-26-agent-workspace-uiux-redesign/audit-event.md,documentation,5763,1a1133db4259bda9e90ca4600c6c26cd941ef6995f1a19efceab77a49235cd6c,yes
docs/audit-events/2026-07-26-public-anonymization/audit-event.md,documentation,4461,c1f1c71060952f9dfea904018baf3335974fb5a767744ee8da0dab46fb574a6b,yes
docs/audit-events/README.md,documentation,1444,f6720d1e3e31b2eaf5f89b48b6187d5799f1b3aa25541046f6064cbaa8b2f5d1,yes
docs/aura-llm-agent-product-strategy.md,documentation,40519,e9479af0905eb6ef7a8b127aa6abb610eacde32c12dc9e0470c7cd78f940e6d2,yes
docs/denoise_blocked_handoff.md,documentation,5528,8b9465a5f4bd7b3d5cfa5e0805e08b830066172af4f26962eb11cd4e7cd7999a,yes
docs/denoise_upgrade_plan.md,documentation,13450,3f4bf4eefa57a36ace1ffa05cbd954ddaff91ab53a1d53259922a04446d6caf7,yes
docs/first-principles-aura-meetily-review.md,documentation,22437,49abc9da8b9a5d240c9927eba186dd0d116921eaf5fa05913a69af35e8661af4,yes
docs/privacy/public-anonymization-policy.md,documentation,2611,51a9ad21ca360aa5f8be15684fcd026880c41ad38e6aec6556f9a3b7739500eb,yes
docs/refactor_plan.md,documentation,7559,40386f935ba28745f0ce98219f705d8a47e4f4ca946568d1b3a26020d522537f,yes
docs/versioning.md,documentation,3221,b9dd0fb2582685ee53c40832db0a8b5c4c9f8be2ec38f1b4064adbef1b827a11,yes
docs/windows_known_issues.md,documentation,1262,e1579c1b829f6ea5a0dfd5b2cd5c57a13a7b7e9d046662fbb87641170d212cbd,yes
docs/windows_native_roadmap.md,documentation,10142,bfe9f245ef9a428cf7a632a42d7774245d582c001b25b10761b90d30c76b47ed,yes
docs/windows_setup.md,documentation,3615,9e7ea62d2d99bfa6830d0b8eab113f3ecef58efb6cdbff23cc5651a6e1029346,yes
img/advanced-settings-v1.14.0.png,artifact,115103,5942c27ec8e1a17ca8244648ba53061b517e00d54cdca93442bd56d32013da7e,yes
img/agent-workspace-completed-v1.17.0.png,artifact,385007,f769ecff7e48a42280486a898e6515e00397ba85de958483d71061771508a93e,yes
img/track-splitter-v1.14.0.png,artifact,94238,2554f25f800f210b1aa87af32695a7158c93fa1fd7401460b889bce9d549de86,yes
img/transcription-workspace-v1.14.0.png,artifact,360743,084e901a237083596f9beafc13577a4e8b766424eef94801255d9cc2b39c3d16,yes
prompts/meeting_summary_layers/action_items.system.txt,artifact,1567,44b2647b6c483d100398f60b97021ef67581f49b42af8630f270fa4ef347153d,yes
prompts/meeting_summary_layers/decisions.system.txt,artifact,1420,3d6ecddc650a6e76a4b615e8b4bd3239bc98ab4f389560711520cdb83a1527ac,yes
prompts/meeting_summary_layers/executive_summary.system.txt,artifact,751,bb3aeb2e4b0c37327752b21287893f1dbea3286d9580fb7a044eb02c631f4992,yes
prompts/meeting_summary_layers/format_repair.system.txt,artifact,649,974f890aee1deb8230c953fc625fc570172b6cc015a43f2da4e90a72eef56c91,yes
prompts/meeting_summary_layers/key_points.system.txt,artifact,799,684c2217fd20bcca82217075fa81ad658fbb5eab3a346ea239b77fbe309d405b,yes
prompts/meeting_summary_layers/meeting_topic.system.txt,artifact,746,5d5e8cbd02b552390e3a6ad19e0bf71582f1a5d19f318cddd1938551e4a26ce7,yes
prompts/meeting_summary_layers/next_steps.system.txt,artifact,732,963817e5d20e6af6c2e77c714ef7a969012713105cf2a23a1855b5d2e836704a,yes
prompts/meeting_summary_layers/open_questions.system.txt,artifact,748,a02490a9c6a07bf19dfd55db5259f769da8c1d64d3131b87152c9ad2d86a08bc,yes
prompts/meeting_summary_layers/participants.system.txt,artifact,856,4ed3d027ece916f31ea18c64b3f3964912e39283831907493ec8139e11d0f83d,yes
prompts/meeting_summary_layers/risks.system.txt,artifact,787,830621e2218a08a16ce5b2224b0560a20b6e692c0f968b5626d957a95ffc35e5,yes
pyproject.toml,artifact,2276,cb241d354b6f980d816f455d2258af92be67a31cd724b2aac275c27388a4fd06,yes
reports/asr_correction_summary_impact_report.json,artifact,13947,b85666f3ebc456095559f90b71952163c8bec73f8f6f39759a8ca3cc8bfb35ba,yes
reports/asr_correction_summary_impact_report.md,documentation,2109,8e1bfb2fc08ed16a8f57ecd08c3d6180b2a888c66620f5454bf7d00054b162cd,yes
reports/asr_fuzzy_correction_audit_report.json,artifact,154118,4f11760f6efc895cf3f52534585611f485a68a33f38ce82a01c6b1dfc3ef3322,yes
reports/asr_fuzzy_correction_audit_report.md,documentation,30192,40059ca1c0373acbf52b249e305496c3dcd21d2e2f8e06928ca6c4c028e0f844,yes
reports/asr_fuzzy_correction_logs/001_260415_2240_record_correction_log.json,artifact,95,c93b1cc602ef6feaa1cbd914c5d7fa49f1192a64e8220b83118cfd51506f2bbf,yes
reports/asr_fuzzy_correction_logs/002_260416_2157__with_Prof_Wu_Tomi (GPT)_correction_log.json,artifact,877,c3fcbc64443c538c79a0f94307a11a43a646ddb1b2c988026d8d0e7a4074a16b,yes
reports/asr_fuzzy_correction_logs/003_260416_2157__with_Prof_Wu_Tomi_correction_log.json,artifact,2583,c05a59740e04dcedffcbd6458e63645bd888a89c9b471341915905308660bf45,yes
reports/asr_fuzzy_correction_logs/004_260422_1032_record_correction_log.json,artifact,95,589452b4af1c0038062dd263e9ef62a06cf2a5942fff642fdd6fb3f98ff3fb7d,yes
reports/asr_fuzzy_correction_logs/006_260511_1535_record_correction_log.json,artifact,95,99786aa5cd26dc743ea8ae0db5916ee1ef7f637a895e9ad5e0f85ecda35a2d71,yes
reports/asr_fuzzy_correction_logs/007_260512_1302_record (minute)_correction_log.json,artifact,1303,adc69d8968baca0209febfc6da8a91e3839f60a4d8b3fa6228e85b0e811c42c3,yes
reports/asr_fuzzy_correction_logs/008_260512_1302_record_correction_log.json,artifact,1294,69ae1396aa1bec9a13867af58e1aa9d426d3b9b5e76c52e8431da8cf9629601b,yes
reports/asr_fuzzy_correction_logs/009_260512_2224_record_correction_log.json,artifact,1459,30d483f8dd607e84426a23aa2f56ceea41523dcc013fcd66907d3798d54c73ef,yes
reports/asr_fuzzy_correction_logs/010_260515_1259_kioskDiscussion_correction_log.json,artifact,1333,f1fd9494152ec081a65dcc6477a637b3db6e945a0615432b0830ca9b36cf9b1e,yes
reports/asr_fuzzy_correction_logs/011_transcript_260515_1259_kioskDiscussion_correction_log.json,artifact,1956,229fc33a189cc160c0690bc494fea3e190b2c9fc3b1bc58406f77176d9685800,yes
reports/asr_fuzzy_correction_logs/012_260515_1358_withManyDiscussion_correction_log.json,artifact,1015,a2daf31e5185a2c11ebb3c5ff92da3df9692a5b4fead7e0fa38d4f2f2132bb8d,yes
reports/asr_fuzzy_correction_logs/013_transcript_260515_1358_withManyDiscussion_correction_log.json,artifact,1026,6992e5b626c66ecfeac022c180407d26ccbfe701cf7cacda29d9d6761d9bbbd4,yes
reports/asr_fuzzy_correction_logs/014_260518_0902_lab_sync_correction_log.json,artifact,3802,87b76b787e5712396e9e2adf090b5934869869c4da53ef01cadad7817282ff24,yes
reports/asr_fuzzy_correction_logs/015_transcript_260518_0902_lab_sync_correction_log.json,artifact,5882,dfb2933768ef9776d72714371dcd0a7f7d59eeb0cb62db670b86723b91df7ebe,yes
reports/asr_fuzzy_correction_logs/016_260519_1042_record_final_correction_log.json,artifact,401,f429587fbe8d89da0a9fc24e12ba871a606948d648aa1842a2021dbf4580b510,yes
reports/asr_fuzzy_correction_logs/017_260519_1042_record_raw (gemini)_correction_log.json,artifact,1247,5098296a14c85067aec9e11a936e0ec330c69071c7a75eb6bb382b5a5670f6ee,yes
reports/asr_fuzzy_correction_logs/018_260519_1042_record_raw_correction_log.json,artifact,399,0125463dd8950125f83c9010e2db02ba70e240dd44a10c6a25f06d12125b5d87,yes
reports/asr_fuzzy_correction_logs/019_transcript_260519_1042_record_final_correction_log.json,artifact,112,71fee2581d426933dadd3ea283a3dc70792bbc004966d9ae4868a1c229a95ffc,yes
reports/asr_fuzzy_correction_logs/020_transcript_260519_1042_record_raw_correction_log.json,artifact,110,bec84895d03fbd5867d5f4cc5bb2911499af628ab9f003d2c01810d2ec91fcf8,yes
reports/asr_fuzzy_correction_logs/021_260519_1130_record_final_correction_log.json,artifact,101,3fdb3ce42a2e05f66ca807be2bbe9f460a4a50462b1e4ded1cab888f23c371b6,yes
reports/asr_fuzzy_correction_logs/022_260519_1130_record_raw_correction_log.json,artifact,99,5511927af332417f8424fdd756d2f35f98b4c3b5cb17e187c2d89dc8475040be,yes
reports/asr_fuzzy_correction_logs/027_260525_0858_lab_sync_final_correction_log.json,artifact,4880,bdcec80f5c9dca239fc7ab3100a4930852f64dcc55ccc69d753fd00e504a7373,yes
reports/asr_fuzzy_correction_logs/028_260525_0858_lab_sync_raw_correction_log.json,artifact,4878,daee0322c0448ba24b0527c7c0c3fb733fbb21ab8c726aa58f7ad0fb8c02c7f9,yes
reports/asr_fuzzy_correction_logs/029_transcript_260525_0858_lab_sync_final_correction_log.json,artifact,6674,de3fc48f7525b6d89f3eca7f3d9095d1d2c3c5f011fba6da196bf210a2186582,yes
reports/asr_fuzzy_correction_logs/030_transcript_260525_0858_lab_sync_raw_correction_log.json,artifact,6672,31e77dfe6fc1d679f0c513927e0026dc110f743dacf11a2bb3c6ddf258f2fec0,yes
reports/asr_fuzzy_correction_logs/035_260527_1422_record_final_correction_log.json,artifact,705,be4cb1a423821ea69155552840444a19174fcbe85db1f99ab1cefc9138afcbe1,yes
reports/asr_fuzzy_correction_logs/036_260527_1422_record_raw_correction_log.json,artifact,703,ccca0ae7660895b5e5e34564bda9182af9986ebfeaec823bae0f69e1b1cfd620,yes
reports/asr_fuzzy_correction_logs/037_260528_0839_record_final_correction_log.json,artifact,783,382ebc11d402e6b380b5ebb1e1bac001029aa93569b82900fb961db556a2944b,yes
reports/asr_fuzzy_correction_logs/038_260528_0839_record_raw_correction_log.json,artifact,781,96d59fa44e6d3dd67d6e89b44a71ecbab4fe99a8b6c01e26e255373351911a83,yes
reports/asr_fuzzy_correction_logs/039_260604_1419_record_final_correction_log.json,artifact,101,410aa9133b6a3aa64695abbdffb81b83d51e2b15ca42878f6e8663a99936d29b,yes
reports/asr_fuzzy_correction_logs/040_260604_1419_record_raw_correction_log.json,artifact,99,e29421cd3911168444ef32974d934dd4a85ef1d33befb96ea743e803fb54b6c8,yes
reports/asr_fuzzy_correction_logs/041_transcript_260604_1419_record_final_correction_log.json,artifact,412,cd18174df2236b24b8b62842625667f777b2e00e298c2b9ab1ea0739a46c642e,yes
reports/asr_fuzzy_correction_logs/042_transcript_260604_1419_record_raw_correction_log.json,artifact,410,bbc78d1f08ceaaa56d281d170118340b2ec3fc46fb7c6f395f4902c2fa1c9226,yes
reports/asr_fuzzy_manual_review_20260604_153546_reviewed.zip,artifact,11120,a9a37f0b2e36d4c0255c05ad7ca9bce8df7128d361bd40ce65727d12d7c946fc,yes
reports/asr_fuzzy_manual_review_decision_report.json,artifact,918,ff47ff5f881af0a91c721e8659211e65fcdf705e30546e1bc09afb886e35380c,yes
reports/asr_fuzzy_manual_review_decision_report.md,documentation,1775,cc4a7fcfe1c3efb873e329cbfb633cac6f6a493e5ab9ac019d819c679b9f33d9,yes
reports/asr_fuzzy_manual_review_guide.md,documentation,1513,860d11595d32c1dfa3842654e01a3e1d4246d94d83fe3721baaa8464d081ad63,yes
reports/asr_fuzzy_manual_review_queue.csv,artifact,8156,078ba11382f034d8240f522855a40192aef0f08deeba3a57bfd4e702ba9c5272,yes
reports/asr_fuzzy_manual_review_queue_reviewed.csv,artifact,10143,5c5c200d28bb596b768c7ea4654b012bfb07986ac75a59e93299701a76b5f5e1,yes
reports/asr_fuzzy_manual_review_result_summary.json,artifact,326,e3f7a598695f95e2c6e73da714f7c357cd3d5950c8c81c110e17cd16f163b505,yes
reports/asr_fuzzy_manual_review_summary.json,artifact,875,cd9d8e6b19279ee6b7742b0cbbddc2a1c6fa9af2309948abb81db475d0960d1e,yes
reports/asr_summary_impact_sample/artifacts/sample_001_260518_0902_lab_sync/sample_001_260518_0902_lab_sync_corrected.txt,artifact,70,8b81e2db496c5b5d07477af68f6abe790a8bedd614392df61ccb4ff2a35d7bb9,yes
reports/asr_summary_impact_sample/artifacts/sample_001_260518_0902_lab_sync/sample_001_260518_0902_lab_sync_corrected_summary.txt,artifact,83,c38bd673bd1ef38e712a250db32272798873c7540246ab45db8fb4865e23af68,yes
reports/asr_summary_impact_sample/artifacts/sample_001_260518_0902_lab_sync/sample_001_260518_0902_lab_sync_correction_log.json,artifact,2706,daf6e1a6486c068e0d7d17ab280a6fddd8f3e111fe841163c8b9aa7f98009f59,yes
reports/asr_summary_impact_sample/artifacts/sample_001_260518_0902_lab_sync/sample_001_260518_0902_lab_sync_raw.txt,artifact,70,c25f6fa29afa51270be23f53c7ae1e41370590eb1d75e28c32ef43f689473668,yes
reports/asr_summary_impact_sample/artifacts/sample_001_260518_0902_lab_sync/sample_001_260518_0902_lab_sync_raw_summary.txt,artifact,77,d7f65b8253e8da54a5247df22ae5ab83e0cb1a095f64cee2970307b88d382447,yes
reports/asr_summary_impact_sample/artifacts/sample_002_transcript_260518_0902_lab_sync/sample_002_transcript_260518_0902_lab_sync_corrected.txt,artifact,88,ef374fb606386cf44c43425aa8744344b81dba4e6256b5923f71446440de14c3,yes
reports/asr_summary_impact_sample/artifacts/sample_002_transcript_260518_0902_lab_sync/sample_002_transcript_260518_0902_lab_sync_corrected_summary.txt,artifact,101,3429b2a610793a3632596a3df4dc02bc39f03d6306bf134478370cc342905ded,yes
reports/asr_summary_impact_sample/artifacts/sample_002_transcript_260518_0902_lab_sync/sample_002_transcript_260518_0902_lab_sync_correction_log.json,artifact,4217,378a74d67679102dc35d779ce23935811dc3a4d9dbe7397c7df1d9961e971e38,yes
reports/asr_summary_impact_sample/artifacts/sample_002_transcript_260518_0902_lab_sync/sample_002_transcript_260518_0902_lab_sync_raw.txt,artifact,86,f2a20b0e0536ed681e3fb381a96d8648b4c35806965fd0d0e8bfff7e50278a1a,yes
reports/asr_summary_impact_sample/artifacts/sample_002_transcript_260518_0902_lab_sync/sample_002_transcript_260518_0902_lab_sync_raw_summary.txt,artifact,93,1946a2804cc3cfce25c2aa638ece9d5b13e3ad2afec4d83be01742ae34c14ed7,yes
reports/asr_summary_impact_sample/artifacts/sample_003_transcript_260525_0858_lab_sync_final/sample_003_transcript_260525_0858_lab_sync_final_corrected.txt,artifact,63,112678b5868f66171334d957aa04c5a2f9f6c14ced7c789999c605391169e9b2,yes
reports/asr_summary_impact_sample/artifacts/sample_003_transcript_260525_0858_lab_sync_final/sample_003_transcript_260525_0858_lab_sync_final_corrected_summary.txt,artifact,76,7651c0d6ac5258b7e083ef861448f1a72a3dbf618d85db5eba4820c07b60be1f,yes
reports/asr_summary_impact_sample/artifacts/sample_003_transcript_260525_0858_lab_sync_final/sample_003_transcript_260525_0858_lab_sync_final_correction_log.json,artifact,4689,1b39c543df7c17ca4caed729ea3011d493d07e2beda09d293b7ddb39ac21cbfc,yes
reports/asr_summary_impact_sample/artifacts/sample_003_transcript_260525_0858_lab_sync_final/sample_003_transcript_260525_0858_lab_sync_final_raw.txt,artifact,63,c9a8f89bff344e687d5047fd766b27fba7ebadeffe0b93d0d296e05ff908ae02,yes
reports/asr_summary_impact_sample/artifacts/sample_003_transcript_260525_0858_lab_sync_final/sample_003_transcript_260525_0858_lab_sync_final_raw_summary.txt,artifact,70,c508c521cb12dffc9c16dc31408e9f185c3a284c95ab5ed3fb0ef98f2cbadc5d,yes
reports/asr_summary_impact_sample/artifacts/sample_004_transcript_260525_0858_lab_sync_raw/sample_004_transcript_260525_0858_lab_sync_raw_corrected.txt,artifact,63,112678b5868f66171334d957aa04c5a2f9f6c14ced7c789999c605391169e9b2,yes
reports/asr_summary_impact_sample/artifacts/sample_004_transcript_260525_0858_lab_sync_raw/sample_004_transcript_260525_0858_lab_sync_raw_corrected_summary.txt,artifact,76,7651c0d6ac5258b7e083ef861448f1a72a3dbf618d85db5eba4820c07b60be1f,yes
reports/asr_summary_impact_sample/artifacts/sample_004_transcript_260525_0858_lab_sync_raw/sample_004_transcript_260525_0858_lab_sync_raw_correction_log.json,artifact,4689,1b39c543df7c17ca4caed729ea3011d493d07e2beda09d293b7ddb39ac21cbfc,yes
reports/asr_summary_impact_sample/artifacts/sample_004_transcript_260525_0858_lab_sync_raw/sample_004_transcript_260525_0858_lab_sync_raw_raw.txt,artifact,63,c9a8f89bff344e687d5047fd766b27fba7ebadeffe0b93d0d296e05ff908ae02,yes
reports/asr_summary_impact_sample/artifacts/sample_004_transcript_260525_0858_lab_sync_raw/sample_004_transcript_260525_0858_lab_sync_raw_raw_summary.txt,artifact,70,c508c521cb12dffc9c16dc31408e9f185c3a284c95ab5ed3fb0ef98f2cbadc5d,yes
reports/asr_summary_impact_sample/artifacts/sample_005_260525_0858_lab_sync_final/sample_005_260525_0858_lab_sync_final_corrected.txt,artifact,46,b23aa3c82cefffb3fac491c347cbd2735597888ea51a9431e04754e59a55f6da,yes
reports/asr_summary_impact_sample/artifacts/sample_005_260525_0858_lab_sync_final/sample_005_260525_0858_lab_sync_final_corrected_summary.txt,artifact,59,28f23aadbc47dbd10b86ff4c92295f4c344e7a99a0cd378d57dac10f7a40f094,yes
reports/asr_summary_impact_sample/artifacts/sample_005_260525_0858_lab_sync_final/sample_005_260525_0858_lab_sync_final_correction_log.json,artifact,3372,57c7f1fc92e160c00175ae13d2262c63b19da6fdc6a355da9f2f69e2e7ed75a7,yes
reports/asr_summary_impact_sample/artifacts/sample_005_260525_0858_lab_sync_final/sample_005_260525_0858_lab_sync_final_raw.txt,artifact,46,3e12665f33981f82cacd17980c4d6a73f4591e7d3d1128bebfe6d67782626f07,yes
reports/asr_summary_impact_sample/artifacts/sample_005_260525_0858_lab_sync_final/sample_005_260525_0858_lab_sync_final_raw_summary.txt,artifact,53,4685b4eeed3eebb55d2ff22630803366e5805bb807b7cc9c27c6607b54740e25,yes
reports/asr_summary_impact_sample/artifacts/sample_006_260525_0858_lab_sync_raw/sample_006_260525_0858_lab_sync_raw_corrected.txt,artifact,46,b23aa3c82cefffb3fac491c347cbd2735597888ea51a9431e04754e59a55f6da,yes
reports/asr_summary_impact_sample/artifacts/sample_006_260525_0858_lab_sync_raw/sample_006_260525_0858_lab_sync_raw_corrected_summary.txt,artifact,59,28f23aadbc47dbd10b86ff4c92295f4c344e7a99a0cd378d57dac10f7a40f094,yes
reports/asr_summary_impact_sample/artifacts/sample_006_260525_0858_lab_sync_raw/sample_006_260525_0858_lab_sync_raw_correction_log.json,artifact,3372,57c7f1fc92e160c00175ae13d2262c63b19da6fdc6a355da9f2f69e2e7ed75a7,yes
reports/asr_summary_impact_sample/artifacts/sample_006_260525_0858_lab_sync_raw/sample_006_260525_0858_lab_sync_raw_raw.txt,artifact,46,3e12665f33981f82cacd17980c4d6a73f4591e7d3d1128bebfe6d67782626f07,yes
reports/asr_summary_impact_sample/artifacts/sample_006_260525_0858_lab_sync_raw/sample_006_260525_0858_lab_sync_raw_raw_summary.txt,artifact,53,4685b4eeed3eebb55d2ff22630803366e5805bb807b7cc9c27c6607b54740e25,yes
reports/asr_summary_impact_sample/artifacts/sample_007_260422_1415_114-2_AI_W9_1150422/sample_007_260422_1415_114-2_AI_W9_1150422_corrected.txt,artifact,44,7c6c3a8673a4cc9f5af121a329681a17a82a2dd89a4559badd8584156a3c1d32,yes
reports/asr_summary_impact_sample/artifacts/sample_007_260422_1415_114-2_AI_W9_1150422/sample_007_260422_1415_114-2_AI_W9_1150422_corrected_summary.txt,artifact,57,c13ad4e08721eaad4ddc3137eeafd66cf2b6de93c366f328922a13f6de62caa0,yes
reports/asr_summary_impact_sample/artifacts/sample_007_260422_1415_114-2_AI_W9_1150422/sample_007_260422_1415_114-2_AI_W9_1150422_correction_log.json,artifact,1754,e9d7641631b755bdc1bc20d970f1cc34a717d7e1004aebf85e807b53be761e9e,yes
reports/asr_summary_impact_sample/artifacts/sample_007_260422_1415_114-2_AI_W9_1150422/sample_007_260422_1415_114-2_AI_W9_1150422_raw.txt,artifact,44,06ab7be8c969ed5b3dc27b3c6e6b21130e81f2f4000a0b920f506da26ead6547,yes
reports/asr_summary_impact_sample/artifacts/sample_007_260422_1415_114-2_AI_W9_1150422/sample_007_260422_1415_114-2_AI_W9_1150422_raw_summary.txt,artifact,51,9dc2c0a5e81d22293aa91e2682e63e7c73a252216c3da473787127b76ca56a6f,yes
reports/asr_summary_impact_sample/artifacts/sample_008_260416_2157__with_Prof_Wu_Tomi/sample_008_260416_2157__with_Prof_Wu_Tomi_corrected.txt,artifact,50,d7b98b42db906120e2b52f323cdc645e2b37171af867da483b71facc85fef03f,yes
reports/asr_summary_impact_sample/artifacts/sample_008_260416_2157__with_Prof_Wu_Tomi/sample_008_260416_2157__with_Prof_Wu_Tomi_corrected_summary.txt,artifact,63,c597273acffd567c0f0117f41bf3a2cb69390560e689c99056f19dc818e1cf9c,yes
reports/asr_summary_impact_sample/artifacts/sample_008_260416_2157__with_Prof_Wu_Tomi/sample_008_260416_2157__with_Prof_Wu_Tomi_correction_log.json,artifact,1779,a5da20a6487b4bb9e8ec7bd8ad058ab7e423b31a61be113e1b250578325c2a8c,yes
reports/asr_summary_impact_sample/artifacts/sample_008_260416_2157__with_Prof_Wu_Tomi/sample_008_260416_2157__with_Prof_Wu_Tomi_raw.txt,artifact,50,6ca5c378da20d1cbd193ea9fa0ca4271f3b85d3d56e051fe6b7f6460efa529e9,yes
reports/asr_summary_impact_sample/artifacts/sample_008_260416_2157__with_Prof_Wu_Tomi/sample_008_260416_2157__with_Prof_Wu_Tomi_raw_summary.txt,artifact,57,7efa8bc9fe101ea859d81af02bd57bcce849ae93cf0141616a34350288ddc12d,yes
reports/asr_summary_impact_sample_manifest.json,artifact,14825,9cdefd4210d0feac4689901be67a1fc6de5416f15e53d58ea92c9dbdf3bfb4a1,yes
reports/gemma4_e4b_summary_impact_current_numctx32768_review_completed.csv,artifact,2026,5a141a7f7878c5771de4530f7570a35643b68b463483f83ec6580e8827a7562f,yes
reports/gemma4_e4b_summary_impact_current_numctx32768_review_decision.json,artifact,2485,88b0b7c448618b218d61a5fe35dd75e66580d4c95f88188abd626482b0a7cdf5,yes
reports/gemma4_e4b_summary_impact_current_numctx32768_review_decision.md,documentation,1914,5f19ba350ea78fc32de26acee1d3bf1c1a5d0342247e3f6494ffb94cd147fe06,yes
reports/gemma4_e4b_summary_impact_human_review_intake.json,artifact,1279,57cdddeee417f5a7277e8ba5e6db5d4c1e71731c96111b2b3ec816fc210d8aab,yes
reports/gemma4_e4b_summary_impact_human_review_intake.md,documentation,891,1ccf117914bb5c78616710b3313fafb136fe39792fe6d8b646036a922d283600,yes
reports/gemma4_e4b_summary_impact_manifest.json,artifact,2859,0f64fd2eb215696d83a5d6832c1ee773adc0aa9d0b613013ef48c926a8aa9d6f,yes
reports/gemma4_e4b_summary_impact_pipeline_validity_report.json,artifact,2875,81f74294ccd26ce74bde2a675a4e13b0fadd6f25b40c50f65bcfa004da585d7a,yes
reports/gemma4_e4b_summary_impact_pipeline_validity_report.md,documentation,1077,a32238683a177c4072e8a7a27a3cb3e380f0426c671e2646e0e25bcf9456ddbf,yes
reports/gemma4_e4b_summary_impact_privacy_clearance.json,artifact,460,5be9d1d5f86826c4dcd09698a15d4081cc58f0f2990f5e9df9d83b208b89d500,yes
reports/gemma4_e4b_summary_impact_report.json,artifact,3743,1d6882107e3cc27b889e52703cad68bc5b8e5334a219108c6172118ef8a2d4a3,yes
reports/gemma4_e4b_summary_impact_report.md,documentation,1200,15a7b8c35f3058f35abd87def6ef15228d60179d9fa78781fdc11eb5ccc686b4,yes
reports/gemma4_e4b_summary_impact_transcript_context_review_completed.csv,artifact,3680,1b1ffae56195fe3eb4aa3935836c64e4b48d8d7fd86f3bf3ef911887490d8094,yes
reports/gemma4_e4b_summary_impact_transcript_context_review_decision.json,artifact,2217,89f706a3ff60fc945260ffbbb90ceb568709d516d56fff1c565641a95777f4e4,yes
reports/gemma4_e4b_summary_impact_transcript_context_review_decision.md,documentation,1024,54e41444970543b3bcf563a4ac5b3d6136e01d76a5e6c18585f7a852e27f2b21,yes
reports/gemma4_e4b_summary_impact_transcript_context_review_summary.json,artifact,928,5ab1831cf2a564d4f102baa122e61b0df4f8ce49194decb6a8dce1b4606989f8,yes
reports/sample_meeting_summary.json,artifact,1339,30d5a7199a61529c173c89f593f2f9356261c2c748d3648e4184d13c63d1f63e,yes
reports/sample_meeting_summary.md,documentation,937,d5f613cf360dcae254ef373ff429ef9607019b0f217e74de156c6cd28efb8217,yes
scripts/audit_fuzzy_corrections.py,artifact,19311,b01c4e580009dd80a35b47d6ab29540c003ceb61a23a4586fbcb61ccef1a9c3b,yes
scripts/benchmark_agent_timeline_markdown.py,artifact,15785,4325f43953bfee2a47d3f42e04b83af441abd452dc176a23ac904cdd5f9153bc,yes
scripts/benchmark_aura_meetily_asr.py,artifact,16213,c01f233cc939d86efbc6db6872f1dc2b145cdfd2dfb70cc177e00b83de698782,yes
scripts/build_fuzzy_manual_review.py,artifact,9243,c0e697c4602c5498ee3109bcdb4bf2419f14be4c6ddbaa124756dd6c31fb2141,yes
scripts/build_windows_portable.ps1,artifact,4210,b60363bfe5455f02a751bd6a33d62d5812297475741d5a749f1368914e00043c,yes
scripts/bump_version.py,artifact,5247,db6abb3e3326affc06788867b3354087bf96104b4c55228c493b733916da728d,yes
scripts/capture_agent_timeline_markdown_screenshots.py,artifact,20886,d8b0be717e3c4ddfea5665c29f490e790d6360f3f124c10c964b38caaa94cb9e,yes
scripts/capture_agent_transfer_review_screenshots.py,artifact,9419,f1bb06a7b7b344c1ddaf17b884a3a66ce6e96da03e7bd886b7ebc36f29fefabd,yes
scripts/capture_agent_workspace_screenshot.py,artifact,6302,30ab528fadc5e3762d2b7a2a6a336caee6b09bb01159656be78a21fae56171b1,yes
scripts/check_denoise_eval_workspace.py,artifact,7155,20ca9fcc2d77040a61d2a488b24cf670343d23cb409497004ce7fbc82bf8bf65,yes
scripts/check_public_anonymization.py,artifact,2462,ac81e4d0738457794fce881fc60f0d8be75efaeb519c6f399488ba38144fbdcb,yes
scripts/check_windows_runtime.ps1,artifact,150,6f1bc53ad7e68af9c2a2c140f5d835ac4d9acc59592d9de540c3d004d76858b7,yes
scripts/discover_denoise_eval_candidates.py,artifact,10837,f1bca91b3210a6856e011d45a4cc431d51238c6c1a90867074740fbf4ee28bd0,yes
scripts/evaluate_denoise_backends.py,artifact,16086,ced0882f811f356eed1b3af2f59db274426f78503321facba028acb63d7b6acc,yes
scripts/evaluate_g4e4b_pipeline_validity.py,artifact,9778,7b95600f76928f293de2c85ee5b88510f47643761360b52590841a0c9ec7fd77,yes
scripts/evaluate_summary_impact.py,artifact,15754,21b78dfb8a8b1a6e9dbbdd1955e4bff4de60cf524bee686e21f3c6515cde34cf,yes
scripts/gate_denoise_default_promotion.py,artifact,10564,4d0a652f0082c440e574aa8b68a3a80e676c580e39bcdf616ed6ee008716395d,yes
scripts/generate_meeting_summary.py,artifact,5398,7c948d0d9db2aa41abf05838d2c983940c63a368cc34fc6a5b0dc271dbbe5bb6,yes
scripts/generate_paired_summary_artifacts.py,artifact,11391,7568ef9a389be712a4c1b7367ccb28b29fe55b7dd85da6212a03b8db1119e07b,yes
scripts/init_denoise_eval_workspace.py,artifact,3965,ac8d360bcd75574168726a4ec9d6bed57efbaa3bc149e67e0f6bbef48182768a,yes
scripts/prepare_common_voice24_benchmark.py,artifact,2154,bff5e3b44165a444a1e391b70ffccacf795fc1f366428d4a18056f8b3c8d72d5,yes
scripts/prepare_denoise_eval_case.py,artifact,4618,a03aae86e6b85fde3eea3d46083b79bb9f5d7459f161fbed2f3496fdc9127292,yes
scripts/run_agent_live_codex_smoke.py,artifact,14296,2c587cc271507b1cbd00752dd1ab1bd842e367d5f8690d63a53881cad1d61ca0,yes
scripts/run_agent_stable_daily_soak.py,artifact,14126,cc7e8df43aac1cd05c8fe09f1dbb2abed4ea42c01307f6ad572e714b6f78d62c,yes
scripts/run_agent_workspace_soak.py,artifact,11666,669e46ef49de57c587ececc0b27eb44234189874dfc516c9a62964b5d77416fa,yes
scripts/run_aura_windows.ps1,artifact,150,fdf7b632b2688e00ca3fb897738b1906edd24b605299dc6d06916d947c727762,yes
scripts/run_clearvoice_enhancement.py,artifact,118,3694a923ce3eb6cec3c72c3af36f26c3dfc4a19e99e85e3d7c0f4349c68903ee,yes
scripts/run_gemma4_e4b_summary_impact.py,artifact,37461,3093b101fb82ddcb5b607bb5665dbd33fd2a202b7a1718a0a296b21035064bd9,yes
scripts/runtime_report.py,artifact,871,70af714ffa20e07da667b6b3d6875172fe97ce92e5a6917e522ee908cf8b10b2,yes
scripts/summarize_audit_events.py,artifact,1569,f16d85ab4ddbe68e9c0228c92c1adb051db3d81b1f32b1e4006687c0d289c895,yes
scripts/windows_asr_artifact_smoke.py,artifact,3330,83b5ad0a4270d83482c2e4d0008ec3d8a0da69ed7d381165cb5c81ecb94958c3,yes
scripts/windows_gpu_smoke.py,artifact,2603,a25105e3c5831614b60e4093e1d01129969fd56cc6282c38803c7894ec53f828,yes
src/asr_postprocess/__init__.py,source,46,c999d0fb7e9a4723db284f5705655ade3f249456cdceb22b05b688f22bb6118e,yes
src/asr_postprocess/domain_glossary.yaml,source,6681,01e51e10a3e05ed57a47175dbbd59e5ecfb835d4de400980d7199dc20a236099,yes
src/asr_postprocess/fuzzy_corrector.py,source,11245,a5cb9137dbbbdec519159896eaf9ecc40248a539ba98d8febfb1c6d3e0c7324b,yes
src/aura/__init__.py,source,129,96dbe38d3e8ff5c1876c7079e05957161c75422bdd76d2fcbf835ab1ab4aeb04,yes
src/aura/__main__.py,source,84,bbfceffa41e3192b3e3217c3f54cb5fadf330c89a49f319fc2b77cb5d4624255,yes
src/aura/agent/__init__.py,source,132,2238b2728479d3bd1a67dce38bd7fb8065d3f2790c3f05c8e54f4546ce514946,yes
src/aura/agent/action_registry.py,source,1460,d0d58167aa3eb34ce1fef8aefc8cc2d468abbedc01df7cb0fb3b6b85a0d3fbd4,yes
src/aura/agent/config.py,source,4097,20406e110971a3743561ecaf9c8d3dd0f8d59ecfcf25a4edd876493e6cd06ce5,yes
src/aura/agent/contracts.py,source,22151,a989c5597fc73001b500fe79f2e676e660a3f803c761b213379fce640239e470,yes
src/aura/agent/controller.py,source,25498,88654dce504f926a254474caa902791e7193364f24bd58d9c1c8b3de494d73f4,yes
src/aura/agent/demo/__init__.py,source,59,cfd151dc999f750c3b676b7d68a988e2fd254fffb2345607a0b456bf1a0dd41a,yes
src/aura/agent/demo/fixtures/demo-repository-assurance/events.jsonl,source,7323,7f153675828a624b388755143ef04b64d8b58242040100a55ac0a9c8b0bca691,yes
src/aura/agent/demo/fixtures/demo-repository-assurance/evidence.json,source,1311,f92f6786802cdf076c7b234d6fbf59b506d1c5a6a66ceccbb86d75082e5ea8c1,yes
src/aura/agent/demo/fixtures/demo-repository-assurance/manifest.json,source,288,0d28303014871af2651cddc78f712402e81fb14e1bce345aa945c8b0f093d0c6,yes
src/aura/agent/demo/fixtures/demo-repository-assurance/proposed.patch,source,382,8ae576545321964efa4909abddbdd26cdd79aa126e8dd4a54fe33b7443fa9e20,yes
src/aura/agent/demo/fixtures/demo-repository-assurance/tests.json,source,182,a4c46161e82b255ef5e8bd9ee3306bf8c6a2a72e929e5b77b8a1a6a68f07c20c,yes
src/aura/agent/evidence.py,source,13180,a0e43eb0a88aaa2fd3fcd2fa16b834d760bda90f7436732de873c558ba612800,yes
src/aura/agent/model_profile.py,source,3935,252ab52661dc402a7e99be7e8590c36d203ac49a0666bd5ce1ff3d157b5a6ff8,yes
src/aura/agent/persistence.py,source,53336,05a7bf993346cd90b708dd9635b89a389cc274f71de2bcb846f0e50de8ac081c,yes
src/aura/agent/policy.py,source,29740,476964499582fad0fb5394c1f687c0c2b8c271add591b29db0aae270090643d8,yes
src/aura/agent/providers/__init__.py,source,89,a4153a8b50ec4b99c600c76d8dbfd4cd12192c851b8106bc67eb1e873ab7aba6,yes
src/aura/agent/providers/base.py,source,448,80f95549fc85d8cf7619854eb9ab264c6d904d641cd295228a0eafec618e8725,yes
src/aura/agent/providers/codex_app_server.py,source,52502,93c766093c2b6aeedcd5a0ab1bfede58d979483842aaba6e97cf67cfd0142c28,yes
src/aura/agent/providers/codex_compat.py,source,3183,3e09a05109d4a4ce96c7350b0d0e4e96a27b75d59ed58d4346554f7b26ad72dd,yes
src/aura/agent/providers/codex_compatibility.json,source,1131,405bb8fd746c5523fefd1fcd1ac1072e7b7f52e6d013794fc73eff98bb925d66,yes
src/aura/agent/providers/codex_rpc.py,source,12074,80aa94f133173b8491bff3c5e79f8e7157b0f4aeab1e77e9ff628b346aeb155e,yes
src/aura/agent/providers/demo.py,source,11306,ae21cd65467bda9a7499623117e56dc7a408fcb2841aa75691038866d5b11697,yes
src/aura/agent/publication.py,source,12042,d6024f63c635f89aed53fc5eaf0e9a918409e970a1751f755a5fa993465359cc,yes
src/aura/agent/reporting.py,source,127207,ded88ee476ba6ff5207f19b11920eb9115503d811498d054b07227ebe7d1c89d,yes
src/aura/agent/repository_registry.py,source,9438,9411b547cdd14cd313a884c06697536e62a93be6f84003ae336e04813d6d0d62,yes
src/aura/agent/scheduler.py,source,7577,e66be1a674a4cf34d5819dfe8474796a2105ec52a3e4976f51f2cc31b58b63ca,yes
src/aura/agent/state.py,source,8092,781afe8eaf9c37563824c6363f2b5427ff3dfa27f2ffbe9439ef88a594e5030c,yes
src/aura/agent/support.py,source,7588,f9aa638f02584e64e03f28f983a09469181827a3f62e7b238c3bd6fd35c8612d,yes
src/aura/agent/workflows.py,source,5931,1c073c7c6cd6884801ef869995f7f7cee3339da10c436c6189a2fcbb650eff13,yes
src/aura/agent/worktree.py,source,6186,2eca023ecf2e72a126f1c65d7077ca4e46ab0809794c39c9e502aa599db42a12,yes
src/aura/app.py,source,4893,1d709f7fe134a2555f11b7403bbbc6a20ec5fcd292bab46d23a745a7c272d0df,yes
src/aura/asr/__init__.py,source,1,01ba4719c80b6fe911b091a7c05124b64eeece964e09c058ef8f9805daca546b,yes
src/aura/asr/file_pipeline.py,source,16253,f4590c0f48250b8d7cc9f1a77ae76d853a72d5e6916e24c9db8c937e4c0ac561,yes
src/aura/asr/punctuation.py,source,12026,b9110c28f0d0d059017c57feec35a1be15e207dcefbaea807d3455b9e58e2c84,yes
src/aura/asr/threads.py,source,13034,87b75924218db19693059e48933a648925eab5f5b2385fac517e6a6f51defc5b,yes
src/aura/audio/__init__.py,source,1,01ba4719c80b6fe911b091a7c05124b64eeece964e09c058ef8f9805daca546b,yes
src/aura/audio/capture.py,source,24357,87ba7958e638a033ef8f679365d3e32be5565c3b270fe3b850c98e512aa6c390,yes
src/aura/audio/denoise.py,source,3309,139fbb0b343cea649ad52ecdda487616f39d72c02a8dfc355d4252b2b0405381,yes
src/aura/audio/enhancement_backends.py,source,5755,78ed6006faa1209663c6f497b0ff41860f59d91780cfdd58f55df5d44a6e064b,yes
src/aura/audio/export.py,source,3280,03599c21bc456703f2dc0740306ce07447039c23727d19ebf12c05540565d63a,yes
src/aura/audio/meeting_distance.py,source,5846,3de3cbd8b8888e6f517c94f440370d9c007f4d1c251340f80add9c8693d635d8,yes
src/aura/audio/normalization.py,source,9497,d48e05fa2d459efdd957994959f4fda54c15e7024453b2028879d00247ffc6c4,yes
src/aura/audio/recording_session.py,source,15146,c10db59abc0506ed08fab6cca426207fe0ef9d52cfedf17b8cb50632fa22b356,yes
src/aura/audio/run_clearvoice_enhancement.py,source,827,0eb60cd997395a3584764642365a97cc1688a4178b5f55fdfd96166a7fd30fb0,yes
src/aura/audio/splitter.py,source,996,eba529576f1bae5e2f42ffe53454671a41d8f732a43864e8ccc118c6f034e0eb,yes
src/aura/audio/splitter_pipeline.py,source,6066,c5cf4d4183c50da40aecfa97e6184355cfb1715d87f1846b0eab46b0fa633e5b,yes
src/aura/audit.py,source,22480,a8f153791838d5290356f984abae3b337fc4a3f818a64a794b35c65c7a99a8bf,yes
src/aura/claim_review.py,source,4845,14ba88cd5827ccdfaf8763d33821a777be9f29822a8667c826cc00d9e6056887,yes
src/aura/config.py,source,1172,083c53a542325bdc99b5a834c2ba2e49ee500fb8dca65e02f2c630faecfe5a61,yes
src/aura/diarization/__init__.py,source,67,813055a2019f1f73016edf69f4ce9925dc3ee0b0a56562c1eb87901eca84fe15,yes
src/aura/diarization/pyannote_pipeline.py,source,5325,f896de4f5e34b944ceeabdcecfefb666bf3606a6f2cd2450393f7ad302bff243,yes
src/aura/diarization/speaker_assignment.py,source,1620,289124ed63d84ddf1693470cc84dc4194bc3ba8a77f1b148ea5392a5894ed5bc,yes
src/aura/evidence_search.py,source,26287,ddf63a6a4002ab96e0067a4432ac8909555a11ce0e0186a95c1ac5816b31b9ed,yes
src/aura/llm/__init__.py,source,50,bf90d22f814c708b42f267ad3f47c88cde1b0e7fe59d645a452468458f53fbe4,yes
src/aura/llm/ollama_runtime.py,source,6316,993b273279812ec55e3dc218ba9f82e822d57c87b6855564cb2037bc30a62ba0,yes
src/aura/llm/summary.py,source,1581,6a40febcebad8347e15d792cb9869010c284466223fd687844d331b38d4569bd,yes
src/aura/llm/threads.py,source,4162,e23d41116b5e83686669f7e0f9cdfe8703f121683800c47d14e03111fa4d24d2,yes
src/aura/metadata.py,source,124,c5fb1110a361903b78879694e9dcc432b3a92c8a01dc7bf0302773e8483dd296,yes
src/aura/redaction.py,source,1471,f4719c1b5e910b5aa17561b21d9ba0ba83d2505d1aa0078006f9e01ebef9ef21,yes
src/aura/review.py,source,12603,874e81b58b789725930fb9adc5dfbd2c550ef27467fac37d5e7cec2d2d38e5d2,yes
src/aura/scheduling.py,source,1040,5fd58cc93315299616592280399dcbfc678cff552270dbaebb37be0cb3d8bca1,yes
src/aura/settings.py,source,1705,b21f368da5287207b688254bd58ad627c12a71624925d2f41caabd7150343de4,yes
src/aura/system/__init__.py,source,1,01ba4719c80b6fe911b091a7c05124b64eeece964e09c058ef8f9805daca546b,yes
src/aura/system/audio_diagnostics.py,source,2539,7310378acb0871d2aedc6696fe62f0db13203458872b6fd90addea0b01f9d88f,yes
src/aura/system/cuda.py,source,3819,9ca5fd36dd6a269993020fb5fd6676f027a4bc354eb8e811702e582487c27a6c,yes
src/aura/system/gpu_diagnostics.py,source,4931,4f6de2d43b941f3a9ea8fd18e38ce3b7249355eedc48e18335724c95d43b9d09,yes
src/aura/system/native_audio.py,source,1082,cf4c4170b6318b0da2009c35581f6cd15c09088747d24d63ad06012d222c0922,yes
src/aura/system/platform.py,source,3081,9ff6b9876fd7a7eb3e9bfd816c0273b0f69772344ae67c8f5186525678097183,yes
src/aura/system/runtime_paths.py,source,790,efb7179180ccbd8d8a8b3fb65b02f6177972ec30af3f69b281fc9835ac51f67b,yes
src/aura/system/runtime_report.py,source,17968,8f14da81ce39c2190d00f6d86c965531c9252ff3969bf49120c404c3528563cb,yes
src/aura/system/update_checker.py,source,1292,9439a4035f4ff11b0bb8203c943cb43b7c7d5a8d219e3a113503bdc6cc1b7954,yes
src/aura/ui/__init__.py,source,1,01ba4719c80b6fe911b091a7c05124b64eeece964e09c058ef8f9805daca546b,yes
src/aura/ui/agent_workspace/__init__.py,source,494,2962be10143d9ac5cc9c441a56b39766245e1a0dc9ace01f43482238daa61d5b,yes
src/aura/ui/agent_workspace/action_group.py,source,491,c471131200d5dd2e8521043f6cf38aada1c4be9066ad3c06aa210590748747e1,yes
src/aura/ui/agent_workspace/actions.py,source,962,dc2f686ce91e77ceb651ec852a263e0dbfc9ae3a269a35ef434993434fc519b8,yes
src/aura/ui/agent_workspace/agent_composer.py,source,12106,3dde3b0c6d99e76e9659f3e9d17c9eb1ab3f00a6ab733b6aae2c0c8cff6be8d4,yes
src/aura/ui/agent_workspace/application.py,source,9198,82c5cd28b05e1724e1e658b2323c2e79e9106a4481776c3a2b4bc5eee7b6180e,yes
src/aura/ui/agent_workspace/artifact_actions.py,source,37739,b006801d8cf2a9a75f43495002561fd85e0327b3c7477476f586745c1724b8ec,yes
src/aura/ui/agent_workspace/artifact_inspector.py,source,3413,2814fdf8fe37dc92cc9d8ac9e9b07b2592b0a813e9f94e471006f4b654f3f7f8,yes
src/aura/ui/agent_workspace/artifact_models.py,source,3634,9b30b3f0b2c37053034cf58bb8b3675d5c33ea2a9448674ae7c777572ace0ff6,yes
src/aura/ui/agent_workspace/artifact_views.py,source,3669,ac8a3bdaee47c5df4b702bfb5ff8b108dd725a2471f052b81003c5c67a1f20ed,yes
src/aura/ui/agent_workspace/coalescer.py,source,33465,f4cc0ea20fa7d24c6fbf60ad50de94c2973cad695f37ed28769a3a90f012b203,yes
src/aura/ui/agent_workspace/commands.py,source,832,d6f8cf5a426cd9777c9667f6841b11642cd593325c80106e8095fb31485d3591,yes
src/aura/ui/agent_workspace/composer.py,source,1241,17246084b95a3079bcf625be2bec9004b80bb12f1c23baaba96b6e4b27d8bd8b,yes
src/aura/ui/agent_workspace/design.py,source,322,07cedecd2ed214844a56ebcdd291747b087c0a5256f274da360c5ce4c3781cbb,yes
src/aura/ui/agent_workspace/evidence_actions.py,source,25270,31a112e88cfacf838416829f7f45169f655805d70c238e5fea372cefcba14a12,yes
src/aura/ui/agent_workspace/evidence_picker.py,source,8364,3066e708f871b618f4b2b92eed569b1ce90243c5dc83aadf48ae415031ac0b33,yes
src/aura/ui/agent_workspace/intent_actions.py,source,19667,8c5161093889c77a3626194e1866ec10ec2c671308b1ef50a8dab2558205ab20,yes
src/aura/ui/agent_workspace/markdown_renderer.py,source,10866,430dfc3df440e05c60f84125be9fc1432241b5410a1996b22c7acd703503b0bd,yes
src/aura/ui/agent_workspace/preferences.py,source,3054,d47eff3311546340b5be409599f1c92fea2b2dc1f6b7f5ff9024b448d59e623d,yes
src/aura/ui/agent_workspace/presentation_support.py,source,18315,e8c7f105f3002813177ded31eb696de07d5471574c19ca0db7eb55e36e78cfca,yes
src/aura/ui/agent_workspace/presenter.py,source,1381,1298c9b8b78e9836ef823c5055009dc33b4fba8572482e6a88e394dd79d66d6e,yes
src/aura/ui/agent_workspace/repository_actions.py,source,21801,4e1136adf6ab61cfac8629f145f07aa2f17546108d7ee29953daa268ee4c0c5f,yes
src/aura/ui/agent_workspace/resources/agent_workspace.qss,source,7455,37a98b1e3abaa04f2d6a8ab3c2400758ab8becb5dd826018bd7101a9ab049c9e,yes
src/aura/ui/agent_workspace/run_actions.py,source,48806,dc723b6514fefa5c7c18c6b9c49ae1a018280df152a982ff8ded0c2813969e64,yes
src/aura/ui/agent_workspace/settings.py,source,7698,cc10b1a7dc85ad4e9291f5bfcee8c3b7ba8903ec66520b29b2dcd9cf14328dc1,yes
src/aura/ui/agent_workspace/sidebar.py,source,7095,794e14c972005f76f858762a35c6f25ae02137ff7816c226a9a22effb1af4a7d,yes
src/aura/ui/agent_workspace/sidebar_view.py,source,11801,6cd29794c91f7e6ac7a21996119dcf094dbf4a0876e54ed31d3358d50b66f61e,yes
src/aura/ui/agent_workspace/subsystem.py,source,5912,0413a0facfb22681448bd743c8a5a12d1246e6639ba030cd83cda8ceda3e4441,yes
src/aura/ui/agent_workspace/text_controls.py,source,2750,afaf8b385a711cf003876488dbc6576790f8a7c80b94759df64b57f99156c94a,yes
src/aura/ui/agent_workspace/timeline.py,source,5795,5b8f011caa68a362127fe323c761fae1f82a85e0f06922c01fea64d0a30baa21,yes
src/aura/ui/agent_workspace/timeline_view.py,source,22649,108ae33d090d099821fd00d819d8110149d70130168e47604bbfdf88385f7b6c,yes
src/aura/ui/agent_workspace/transfer_review.py,source,20548,bec3249e3bdb4aee8cd71fc8b5a28c61a491eb74825fbefb55f9bcb3884ff6db,yes
src/aura/ui/agent_workspace/view_state.py,source,1964,c9eb962a2e119994c345ba67a6c4d5dbc5752c5f78b70e7dd604d7d91cdbf714,yes
src/aura/ui/agent_workspace/workspace_view.py,source,39361,fb8bf94277bd31b9ec6add8ed86b60bf8d846587668f18cde85ee2286087f03c,yes
src/aura/ui/agent_workspace_components.py,source,15580,4e7ddb4907a93a7d59632d12c94cdd6c53dd1169804c67392638bc36dec0d81e,yes
src/aura/ui/agent_workspace_tab.py,source,2488,2595ef5a395add4eb9d6e049a158d04e44008ccf0b756825df63264a09b7e08f,yes
src/aura/ui/main_window.py,source,13406,6ed5fbed77ac92cb08e594a8c9a1a6bec4588d8949584885f742561308fb132c,yes
src/aura/ui/messages.py,source,24626,7efdc438e2e11fbca5aa9104117fa76392c62a896a50e74e634d8abc6a04507a,yes
src/aura/ui/splitter_tab.py,source,8815,4ece5999856748a4df7ad82092973215c2590350d781f0884a587ffc559d8c43,yes
src/aura/ui/summary_claims_table.py,source,3766,41766a909c3e535c8d180a8c1c5793459f1a90bbdcea4b2872dd9f3581d3c510,yes
src/aura/ui/transcript_io.py,source,12035,49bb6ac7c7558be9e412f94ea537feac7b1b5a5fc64c7ca57252f2aabbdddfbb,yes
src/aura/ui/transcript_review_table.py,source,9646,e544f38ca75e8429431481d66b333fe5b4741c466b72deb99ffdc2ea22d4200b,yes
src/aura/ui/transcription_tab.py,source,147033,dd08896f85343eee1918105211592bca814658bcce6597d612282514073f0695,yes
src/summary/__init__.py,source,63,142caddb2ff2cb94a99226f34a6381160c8dd9fdd5390228b976395fbf85088c,yes
src/summary/field_schemas.py,source,11056,170b82df32d3a5f93a5ab01059b02721ba687eee81989cbf4b87c01f514c9d99,yes
src/summary/layered_summary_pipeline.py,source,10552,e2f37e40fe71feb1f229ab534dac5f716766d6108755cb4612613953a1e4b0a2,yes
src/summary/markdown_renderer.py,source,2305,e5d74f8edda5d4b3198f0d465a4c58e8e32e0063ac43fdda70e5b9947a0c4a61,yes
src/summary/meeting_summary_layers/action_items.system.txt,source,1567,44b2647b6c483d100398f60b97021ef67581f49b42af8630f270fa4ef347153d,yes
src/summary/meeting_summary_layers/decisions.system.txt,source,1420,3d6ecddc650a6e76a4b615e8b4bd3239bc98ab4f389560711520cdb83a1527ac,yes
src/summary/meeting_summary_layers/executive_summary.system.txt,source,751,bb3aeb2e4b0c37327752b21287893f1dbea3286d9580fb7a044eb02c631f4992,yes
src/summary/meeting_summary_layers/format_repair.system.txt,source,649,974f890aee1deb8230c953fc625fc570172b6cc015a43f2da4e90a72eef56c91,yes
src/summary/meeting_summary_layers/key_points.system.txt,source,799,684c2217fd20bcca82217075fa81ad658fbb5eab3a346ea239b77fbe309d405b,yes
src/summary/meeting_summary_layers/meeting_topic.system.txt,source,746,5d5e8cbd02b552390e3a6ad19e0bf71582f1a5d19f318cddd1938551e4a26ce7,yes
src/summary/meeting_summary_layers/next_steps.system.txt,source,732,963817e5d20e6af6c2e77c714ef7a969012713105cf2a23a1855b5d2e836704a,yes
src/summary/meeting_summary_layers/open_questions.system.txt,source,748,a02490a9c6a07bf19dfd55db5259f769da8c1d64d3131b87152c9ad2d86a08bc,yes
src/summary/meeting_summary_layers/participants.system.txt,source,856,4ed3d027ece916f31ea18c64b3f3964912e39283831907493ec8139e11d0f83d,yes
src/summary/meeting_summary_layers/risks.system.txt,source,787,830621e2218a08a16ce5b2224b0560a20b6e692c0f968b5626d957a95ffc35e5,yes
src/summary/ollama_gemma4_client.py,source,4401,60f674e241a27c5128fe84a9492f586f4c43c2f3a6db8a0fe32ccb71cb970d71,yes
tests/fixtures/asr_transcripts/synthetic_meeting_001.json,test,1111,b90e164eb1cec1473cc2f8ccb252da309e267a1d874a4a8f8f47982cb33e9310,yes
tests/fixtures/codex_fake_app_server.py,test,14168,04c69339c4c8817b9d6600da36bce58163c63d4401c4c0cece225b260e422250,yes
tests/fixtures/codex_process_tree_fixture.py,test,262,2ee937f8e58e0b14b534e48c8dc867843013f50842c1355d7e4854943b9ec553,yes
tests/test_agent_codex_provider.py,test,33418,a484612aa561e1c6c32f1fc99ac30a4d80de70488d7496140ef39a5305118b50,yes
tests/test_agent_controller.py,test,7452,6873fff8117b61abaf582e81367c3de9cb6f3156e119749f5a3f36106059e2a5,yes
tests/test_agent_core.py,test,14745,5b673c89f23ab0bfd61fcfaeacdac9427b3cfe09cd6a22e88c3ea740f2e9d66e,yes
tests/test_agent_demo.py,test,3112,8e8d2b6c9a5aaf162000a6a85ad6c6004f5bb6cf896d1f9c355446cdae967b37,yes
tests/test_agent_integrations.py,test,24823,156bae6f7c6f34992f0bec855d73a23234d92d38c3219d183c77d3f59f40459d,yes
tests/test_agent_main_window.py,test,3087,76bd95ec22ea672ab910ded7b0ed3d949082fbb30449ab73600a1bae4c092c49,yes
tests/test_agent_persistence.py,test,11051,5dea6f2ccdc19ff03d5c629c1bedcadee40dbeb4175d31259b69c3569d262a01,yes
tests/test_agent_policy.py,test,13494,4840b764219b721a18d23a2e7298f4ff91dd62a0b28c91d9358bd59cb9dc8d10,yes
tests/test_agent_publication.py,test,7762,bfb824b428258c1e6c89c004756c5bf84b64ad47bc0bdcb03366de2416328f5b,yes
tests/test_agent_scheduler.py,test,5961,67f09ba364b2257fa73b08c1bcf70c02c597864832b59a99312cc8ce97aaa57d,yes
tests/test_agent_security.py,test,8267,c175e66cc8e2809704c5917f341a4dad8d0f8706663b52afd22146b34d3a192b,yes
tests/test_agent_support.py,test,3491,5c2053ec5befaf81bb4b257f23dcaa38abd61409d2cdc04129bee94238332a5c,yes
tests/test_agent_timeline_markdown.py,test,40355,c1ad934b408f44c196e043572d8fc4280c1151bc05a4712f4d6878ab4774c6f3,yes
tests/test_agent_transfer_review.py,test,22635,e9fede68c68862cf35935eb3a19921c46db0683bda7128abcbb21ba589429f21,yes
tests/test_agent_ui.py,test,58572,2b3f90fa18e9f2ec7594c5d0da3aed4a0329a8bfeff4c0cddaa69023fb7f89b3,yes
tests/test_agent_workspace_architecture.py,test,11569,ce7773680c7ad16ba3e301932b90490b231addb4ef820648a18e5d4510662077,yes
tests/test_agent_workspace_models.py,test,11048,c50dca581aecdc59fbea0224fab549a0d487a13a8d491f0e90b6a4779728ce09,yes
tests/test_agent_workspace_performance.py,test,4667,b0bf0b0e989b47179e3822a3c0bd71f545fe0139a098bf42473537c5b539cf29,yes
tests/test_agent_workspace_redesign.py,test,10701,ccd2265f993eb1049633633f6752da44fc2f8ad1f71458737a79ffb26be66f88,yes
tests/test_audio_capture.py,test,12649,9f75278d87c5c0dd6633e57e37ddb322d07bbedeb7f6d2bbc0ec41e972e6bc63,yes
tests/test_audio_export.py,test,6494,c1a5d8110a02bf2478d905ef092d79c469af7e002bb9444d842e4954abfc83ca,yes
tests/test_audio_normalization.py,test,4198,706cf9c03bae61ea5c049982039c68d985494922ff7d99129acdff8375b7d501,yes
tests/test_audit.py,test,7045,97e096ed592eea7bcd398bc1a1683b68cb27c5529ef2336ed31c3fb990e467cd,yes
tests/test_bump_version.py,test,3371,1be82eb9cb7442e66949261ab6c8b3e4e6ed5f5bcb2e5ee452b6438552969741,yes
tests/test_claim_review.py,test,5461,f192e110d5ad7b0bc3bfe1fcd707405a8c283654dfce9dc4e32c7665a8e55316,yes
tests/test_denoise.py,test,3418,ea5e4073bdc996f649fb26ed84788797ccc1bdfd971b1c860062ca1139027f48,yes
tests/test_denoise_eval_workspace.py,test,3689,462b05f49568173f574f3420b09631150d2c063fd515c2e647e482a0726d9d82,yes
tests/test_discover_denoise_eval_candidates.py,test,4116,4fd032fef54d9cd57907ce66395e1fdbe4cc8a64af87af7621479920b025c8a4,yes
tests/test_enhancement_backends.py,test,3979,544f9b2fd8adb5e0c7af575c0303ceb89f0e3ffb6a45ee7bfa73014b1b5730ff,yes
tests/test_evaluate_denoise_backends.py,test,6936,842acf0053d479160331a914c0eddcf5dd9bbc7c57b9fa499a952a9f802f3db7,yes
tests/test_evidence_search.py,test,23928,d0360bb4d696ac80d9b2858ed38117d0b4b22994e9cd710cc2cd2ed14559269d,yes
tests/test_file_pipeline.py,test,17387,43564702d88695403ae9d0ed26a01c0210082661c2de7139de62d6c698ce690a,yes
tests/test_fuzzy_correction_audit.py,test,6878,911fb904459bcbbd6f57d5e10470686bc58b8108e2da09bba289f87f135a4f6e,yes
tests/test_fuzzy_corrector.py,test,5191,4b58fc06f4593b9fdb820ba17183e593ee857d67a2f6412dc33565d8d069c664,yes
tests/test_fuzzy_manual_review.py,test,4813,f9bb2be61fb32fcc3dad81dbda7de7bacac04f56724cec74c016fd412fae5bdc,yes
tests/test_g4e4b_pipeline_validity.py,test,4420,5d33248de1b0314f826a625ac772386cc89a56b07107873085f1a6db26fa904e,yes
tests/test_gate_denoise_default_promotion.py,test,4407,f5440ee59336268975a6911d763e97394da633107ccc036b309fcbf2dabd7a13,yes
tests/test_gemma4_e4b_summary_impact.py,test,12865,25fa505a1d15e31b620301c95ac0e0061b78746eb756df0aed83c83bc636fcdd,yes
tests/test_generate_paired_summary_artifacts.py,test,6328,f2a534f2979d05dcd8fa513de7528c5c26ac2ee6403995e7db1ed6dd4f032204,yes
tests/test_gpu_policy.py,test,1874,4ee4dfac33e6e51e2b0c0d996c797bf457c767064cc7f74254ca0cda1f356c5b,yes
tests/test_imports.py,test,612,0b9d1bbc389a29982d41051ab52a356501fdf5fddf3297a6f1902ae53d29a2e7,yes
tests/test_layered_summary_pipeline.py,test,23264,b28ebd95c17c8b61011bde042476d74ff9dbdb4f93167f75a12c08d07e1d5937,yes
tests/test_main_window_recovery.py,test,1702,c3540303e47c58fd32ff5d76fd56e488c238c2f15647473c8f4e85db1f596fa7,yes
tests/test_markdown_renderer.py,test,2380,1c2041ef95d508d29f10bb1a654d18d2114364ab2e4913b8655108cfe3f6263f,yes
tests/test_meeting_distance.py,test,2499,6ba68344a192053ebf956ddf7c1b54e80e4c3fa81958cd57e0d96298cc32025d,yes
tests/test_meeting_summary.py,test,3315,3402677a8a36219e82f12d18b32ead656f0de19a07ad924d5d811879a4abdbf2,yes
tests/test_ollama_runtime.py,test,7388,cd2c6d0420610053814dc14a7a5d03a001e6ce98e80324fec1922c9d6936db60,yes
tests/test_packaged_resources.py,test,4604,8b66ab6fbb45ebd9d6fda20015ce5ce9d2d39ea155e09c93ea8fa323c97f894c,yes
tests/test_prepare_denoise_eval_case.py,test,3668,c28780db2fd58a383b104e82636812c9da8514316d91d4bf7cdf5778653dd5eb,yes
tests/test_prompt_defaults.py,test,5653,6bc35b3fa8fd48881ee7d7f2b87cc284b791f6b96352d0b3d7a479ea3ea2a5b6,yes
tests/test_public_anonymization.py,test,942,c1ab8c7d89e562f297b8550533ee6a543e792439d85578d03c60b32717e1cc37,yes
tests/test_punctuation.py,test,4216,9ab041dbe7cf348095089e39c9e9c9c2017b2062976ae3912a2b9e7d4683c82e,yes
tests/test_recording_session.py,test,11125,e29672791f7dee763e8d30cf5682ed188fad2b96f8b5a67d7cf624e5a3fe2afb,yes
tests/test_recording_shutdown.py,test,6637,71c4642a6f9726aad075312cec340b03eae834566b2965f53f973208372c620d,yes
tests/test_runtime_diagnostics.py,test,16151,132297fc4fc123dd49bdb268bfbc2bde2d2ab9eb62f53d86ba7e42a436bd9137,yes
tests/test_runtime_paths.py,test,1614,134c5650b02c30cb67e5ffd0969efd1fb971e029b8d496bfeee9aae3b3d29a58,yes
tests/test_scheduling.py,test,2099,46f7dc61b1e635234c2c8b1508876555390ac9186dcaf190961e15d5ff3669d4,yes
tests/test_settings.py,test,3488,135fbfc4702f3c505300471d24faa15ab0e045f91fdc0e4ebf7f3284f7dcab52,yes
tests/test_speaker_assignment.py,test,5959,cc5ddd2583c2b7391de108538728a09fe0ddc47505518e9d609e39ae54ea1898,yes
tests/test_splitter_pipeline.py,test,3988,4ffedd40d0cb2a570394e33724448334922905955372e4a637be18c3aa84191d,yes
tests/test_summary.py,test,3129,4b41d3aca8b8b310ae1fcc5f336f0af608218278a88d922b22300022ba9d3eaf,yes
tests/test_summary_claims_table.py,test,7004,127c1ca0e65d11822abe767339d97145c52ed0f9d8d8bdcc12f0a3398dd33d27,yes
tests/test_summary_impact_eval.py,test,5531,1f5194c97269e04439fee88fbf250ae88200d8c11fcef59e7f30f797b3a8491b,yes
tests/test_summary_ui_runtime.py,test,6261,057a3b88108c2a07aceeec04ce3b02cb75c3f3ce5e42574ce22ca95c5fcaea51,yes
tests/test_transcript_io.py,test,12268,0cf2612beb49c5b8e7ee35b5fda6fcc41569373d1bb51d869bbf37632560e96b,yes
tests/test_transcript_review.py,test,11556,831e76d5b5e1933677eab4c60f630f3961adf81e6a77895c0510b7c454b6c8ef,yes
tests/test_transcript_review_table.py,test,9084,8fa5077a3b7a0ad3b0e507aab56ea0fe8032df6cd92c66faeff7062c8d716e9c,yes
tests/test_ui_state.py,test,7963,4dec0636a422c0ad4d53296e4e70106b1c396ef6f989d9f26e298f208bbed6fb,yes
tests/test_update_checker.py,test,741,8a3b7389bd84dd43f003470b6da73076b22655310fcf71f119941f47a0257a27,yes
tests/test_versioning.py,test,2619,ba534dd3369155069514dae8542b4d0c13bf14dc4f42365301854ac5cee33cb9,yes
uv.lock,artifact,918848,11a9538adc71b2a27e8dc7d5cb9cb0ba0a910b039acc325b91b48a7caee06ee5,yes
